============================================================
   Tang Dynasty, V6.2.178840
   Copyright (c) 2012-2025 Anlogic Inc.
   Executable = D:/Download/TD/bin/td_commands_prompt.exe
   Built at =   14:07:58 Sep  4 2025
   Run by =     Nizhenghang
   Run Date =   Sun Sep 13 00:21:26 2026

   Run on =     LAPTOP-9S21NQG2
============================================================
RUN-1002 : start command "import_device eagle_s20.db -package EG4S20BG256"
RUN-1001 : Using default speed grade: NA
ARC-1001 : Device Initialization.
ARC-1001 : ------------------------------------------------------------------
ARC-1001 :            OPTION            |          IO          |   SETTING   
ARC-1001 : ------------------------------------------------------------------
ARC-1001 :   cso_b/cclk/mosi/miso/dout  |  T3/R11/T10/P10/S11  |    gpio    
ARC-1001 :             done             |         P13          |    gpio    
ARC-1001 :           program_b          |          T2          |  dedicate  
ARC-1001 :        tdi/tms/tck/tdo       |   C12/A15/C14/E14    |  dedicate  
ARC-1001 : ------------------------------------------------------------------
ARC-1004 : Device setting, marked 5 dedicate IOs in total.
RUN-1002 : start command "open_project UDP_EXAMPLE.prj -noanalyze"
RUN-1002 : start command "import_db ../syn_1/UDP_EXAMPLE_gate.db"
RUN-1001 : Importing database generated by Tang Dynasty, V6.2.178840.
RUN-1001 : Database version number 46207
RUN-1001 : Import flow parameters
RUN-1001 : Import netlist
RUN-1001 : Import timing constraints
RUN-1001 : Import IO constraints
RUN-1001 : Import Inst constraints
RUN-1001 : Import ChipWatcher
RUN-1001 : Import design success TD_VERSION=6.2.178840 , DB_VERSION=46207
RUN-1002 : start command "commit_param -step place"
RUN-1001 : Print Global Property
RUN-1001 : --------------------------------------------------------
RUN-1001 :   Parameters   |  Settings  |  Default Values  |  Note  
RUN-1001 : --------------------------------------------------------
RUN-1001 :   enable_seed  |    off     |       off        |        
RUN-1001 :     message    |  standard  |     standard     |        
RUN-1001 :   qor_monitor  |     on     |        on        |        
RUN-1001 :   syn_ip_flow  |    off     |       off        |        
RUN-1001 :     thread     |    auto    |       auto       |        
RUN-1001 : --------------------------------------------------------
RUN-1002 : start command "set_param place effort high"
RUN-1002 : start command "set_param place hfn_opt_effort high"
RUN-1002 : start command "set_param place opt_timing high"
RUN-1001 : Print Place Property
RUN-1001 : -----------------------------------------------------------
RUN-1001 :     Parameters    |  Settings  |  Default Values  |  Note  
RUN-1001 : -----------------------------------------------------------
RUN-1001 :       effort      |    high    |      medium      |   *    
RUN-1001 :   hfn_opt_effort  |    high    |      medium      |   *    
RUN-1001 :     max_fanout    |   999999   |      999999      |        
RUN-1001 :     opt_timing    |    high    |      medium      |   *    
RUN-1001 :   post_place_opt  |    auto    |       auto       |        
RUN-1001 :    pr_strategy    |     1      |        1         |        
RUN-1001 :     relaxation    |    1.00    |       1.00       |        
RUN-1001 : -----------------------------------------------------------
RUN-1002 : start command "insert_debugger"
RUN-1002 : start command "place"
RUN-1001 : Open license file D:/Download/TD/license/Anlogic.lic
PHY-3001 : Placer runs in 32 thread(s) with high effort.
PHY-1001 : Stage 1 | Initialize Design
PHY-1001 : Stage 1.1 | Build Design
PHY-1001 : 4458 luts, 4901 seqs, 415 mslices, 225 lslices, 75 pads, 50 brams, 0 dsps
RUN-1002 : start command "legalize_phy_inst"
SYN-1011 : Flatten model board_b_top
PHY-1001 : Remove keep and sweep redundant instances ...
PHY-1001 : 4406 luts, 4845 seqs, 404 mslices, 211 lslices, 75 pads, 50 brams, 0 dsps
PHY-1001 : End Stage 1.1 | Build Design; Time: 0.041348s wall, 0.046875s user + 0.000000s system = 0.046875s CPU (113.4%); Memory(MB): used = 174, reserved = 171, peak = 174;

PHY-1001 : Stage 1.2 | Optimize Design
OPT-1001 : Stage 1.2.1 | Simplify Lut
OPT-1001 : End Stage 1.2.1 | Simplify Lut; Time: 0.010701s wall, 0.015625s user + 0.000000s system = 0.015625s CPU (146.0%); Memory(MB): used = 175, reserved = 171, peak = 175;

OPT-1001 : Stage 1.2.2 | Sweep
OPT-1001 : End Stage 1.2.2 | Sweep; Time: 0.003107s wall, 0.000000s user + 0.000000s system = 0.000000s CPU (n/a%); Memory(MB): used = 175, reserved = 171, peak = 175;

OPT-1001 : Stage 1.2.3 | Synthesize High-fanout Net
OPT-1001 : Current memory(MB): used = 175, reserved = 171, peak = 175.
OPT-1001 : End Stage 1.2.3 | Synthesize High-fanout Net; Time: 0.000392s wall, 0.000000s user + 0.000000s system = 0.000000s CPU (n/a%); Memory(MB): used = 175, reserved = 171, peak = 175;

OPT-1001 : End physical optimization;  0.015219s wall, 0.015625s user + 0.000000s system = 0.015625s CPU (102.7%)

PHY-1001 : End Stage 1.2 | Optimize Design; Time: 0.015661s wall, 0.015625s user + 0.000000s system = 0.015625s CPU (99.8%); Memory(MB): used = 175, reserved = 171, peak = 175;

PHY-1001 : Stage 1.3 | Initialize Clock
SYN-4016 : Net u4_trimac_block/rx_clk driven by BUFG (370 clock/control pins, 0 other pins).
SYN-4016 : Net temac_clk driven by BUFG (0 clock/control pins, 1 other pins).
SYN-4016 : Net u_bmp_decode/clk driven by BUFG (1104 clock/control pins, 2 other pins).
SYN-4016 : Net u_rx_pll/clk0_out driven by BUFG (0 clock/control pins, 1 other pins).
SYN-4016 : Net u_sdram/u0_clk/clk0_out driven by BUFG (0 clock/control pins, 1 other pins).
SYN-4027 : Net udp_clk is clkc1 of pll u_clk_gen/u_pll_0/pll_inst.
SYN-4027 : Net temac_clk90 is clkc4 of pll u_clk_gen/u_pll_0/pll_inst.
SYN-4019 : Net clk_50_dup_1 is refclk of pll u_clk_gen/u_pll_0/pll_inst.
SYN-4020 : Net clk_50_dup_1 is fbclk of pll u_clk_gen/u_pll_0/pll_inst.
SYN-4019 : Net clk_50_dup_1 is refclk of pll u_pll_50/pll_inst.
SYN-4020 : Net clk_50_dup_1 is fbclk of pll u_pll_50/pll_inst.
SYN-4019 : Net phy1_rgmii_rx_clk_dup_1 is refclk of pll u_rx_pll/pll_inst.
SYN-4020 : Net phy1_rgmii_rx_clk_dup_1 is fbclk of pll u_rx_pll/pll_inst.
SYN-4027 : Net u_sdram/u1_app_wrrd/clk is clkc1 of pll u_sdram/u0_clk/pll_inst.
SYN-4027 : Net u_sdram/u2_ram/SDRAM_CLK is clkc2 of pll u_sdram/u0_clk/pll_inst.
SYN-4019 : Net u_bmp_decode/clk is refclk of pll u_sdram/u0_clk/pll_inst.
SYN-4020 : Net u_bmp_decode/clk is fbclk of pll u_sdram/u0_clk/pll_inst.
SYN-4025 : Tag rtl::Net clk_50_dup_1 as clock net
SYN-4025 : Tag rtl::Net phy1_rgmii_rx_clk_dup_1 as clock net
SYN-4025 : Tag rtl::Net temac_clk as clock net
SYN-4025 : Tag rtl::Net temac_clk90 as clock net
SYN-4025 : Tag rtl::Net u4_trimac_block/rx_clk as clock net
SYN-4025 : Tag rtl::Net u_bmp_decode/clk as clock net
SYN-4025 : Tag rtl::Net u_rx_pll/clk0_out as clock net
SYN-4025 : Tag rtl::Net u_sdram/u0_clk/clk0_out as clock net
SYN-4025 : Tag rtl::Net u_sdram/u1_app_wrrd/clk as clock net
SYN-4025 : Tag rtl::Net u_sdram/u2_ram/SDRAM_CLK as clock net
SYN-4025 : Tag rtl::Net udp_clk as clock net
SYN-4026 : Tagged 11 rtl::Net as clock net
PHY-1001 : Populate physical database on model board_b_top.
RUN-1001 : There are total 9998 instances
RUN-0007 : 4402 luts, 4843 seqs, 404 mslices, 211 lslices, 75 pads, 50 brams, 0 dsps
RUN-1001 : There are total 11224 nets
RUN-1001 : 8138 nets have 2 pins
RUN-1001 : 2150 nets have [3 - 5] pins
RUN-1001 : 558 nets have [6 - 10] pins
RUN-1001 : 233 nets have [11 - 20] pins
RUN-1001 : 126 nets have [21 - 99] pins
RUN-1001 : 19 nets have 100+ pins
PHY-1001 : End Stage 1.3 | Initialize Clock; Time: 0.023320s wall, 0.015625s user + 0.000000s system = 0.015625s CPU (67.0%); Memory(MB): used = 175, reserved = 171, peak = 175;

PHY-1001 : End Stage 1 | Initialize Design; Time: 0.089636s wall, 0.078125s user + 0.000000s system = 0.078125s CPU (87.2%); Memory(MB): used = 175, reserved = 171, peak = 175;

PHY-1001 : Stage 2 | Global Placement
RUN-1001 : Report Control nets information:
RUN-1001 : DFF Distribution
RUN-1001 : -------------------------------------
RUN-1001 :   CE   |  SSR  |  ASR  |  DFF Count  
RUN-1001 : -------------------------------------
RUN-1001 :   No   |  No   |  No   |     477     
RUN-1001 :   No   |  No   |  Yes  |    1019     
RUN-1001 :   No   |  Yes  |  No   |     91      
RUN-1001 :   Yes  |  No   |  No   |     187     
RUN-1001 :   Yes  |  No   |  Yes  |    2577     
RUN-1001 :   Yes  |  Yes  |  No   |     492     
RUN-1001 : -------------------------------------
RUN-1001 : Control Group Statistic
RUN-1001 : -----------------------------
RUN-1001 :   #CLK  |  #CE  |  #SSR/ASR  
RUN-1001 : -----------------------------
RUN-1001 :    5    |  179  |     23     
RUN-1001 : -----------------------------
RUN-0007 : Control Set = 207
PHY-1001 : Stage 2.1 | Place Fixed Instances
PHY-1001 : End Stage 2.1 | Place Fixed Instances; Time: 0.049868s wall, 0.031250s user + 0.000000s system = 0.031250s CPU (62.7%); Memory(MB): used = 180, reserved = 176, peak = 180;

PHY-1001 : Stage 2.2 | Pre-Place DRC Check
PHY-1001 : Stage 2.2.1 | Force Route Constraint Check
PHY-1001 : Check Pass.
PHY-1001 : End Stage 2.2.1 | Force Route Constraint Check; Time: 0.000780s wall, 0.000000s user + 0.000000s system = 0.000000s CPU (n/a%); Memory(MB): used = 180, reserved = 176, peak = 180;

PHY-1001 : End Stage 2.2 | Pre-Place DRC Check; Time: 0.001154s wall, 0.000000s user + 0.000000s system = 0.000000s CPU (n/a%); Memory(MB): used = 180, reserved = 176, peak = 180;

PHY-1001 : Stage 2.3 | Global Placement Step 1
PHY-3001 : Target density is 28%
PHY-1001 : Stage 2.3.1 | Update Timing
RUN-1002 : start command "start_timer"
USR-1002 : Derived clock:  create_generated_clock -name {u_clk_gen/u_pll_0/pll_inst.clkc[0]} -source [get_ports {clk_50}] -master_clock {clk_in} -multiply_by 2.5000 -duty_cycle 50.0000 [get_pins {u_clk_gen/u_pll_0/pll_inst.clkc[0]}]
USR-1002 : Derived clock:  create_generated_clock -name {u_clk_gen/u_pll_0/pll_inst.clkc[1]} -source [get_ports {clk_50}] -master_clock {clk_in} -multiply_by 2.5000 -duty_cycle 50.0000 [get_pins {u_clk_gen/u_pll_0/pll_inst.clkc[1]}]
USR-1002 : Derived clock:  create_generated_clock -name {u_clk_gen/u_pll_0/pll_inst.clkc[4]} -source [get_ports {clk_50}] -master_clock {clk_in} -multiply_by 2.5000 -phase 90 -duty_cycle 50.0000 [get_pins {u_clk_gen/u_pll_0/pll_inst.clkc[4]}]
USR-1002 : Derived clock:  create_generated_clock -name {u_pll_50/pll_inst.clkc[0]} -source [get_ports {clk_50}] -master_clock {clk_in} -multiply_by 1.0000 -duty_cycle 50.0000 [get_pins {u_pll_50/pll_inst.clkc[0]}]
USR-1002 : Derived clock:  create_generated_clock -name {u_rx_pll/pll_inst.clkc[0]} -source [get_ports {phy1_rgmii_rx_clk}] -master_clock {phy1_rgmii_rx_clk} -multiply_by 1.0000 -duty_cycle 50.0000 [get_pins {u_rx_pll/pll_inst.clkc[0]}]
USR-1002 : Derived clock:  create_generated_clock -name {u_rx_pll/pll_inst.clkc[1]} -source [get_ports {phy1_rgmii_rx_clk}] -master_clock {phy1_rgmii_rx_clk} -multiply_by 1.0000 -duty_cycle 50.0000 [get_pins {u_rx_pll/pll_inst.clkc[1]}]
USR-1002 : Derived clock:  create_generated_clock -name {u_sdram/u0_clk/pll_inst.clkc[0]} -source [get_pins {u_pll_50/pll_inst.clkc[0]}] -master_clock {u_pll_50/pll_inst.clkc[0]} -divide_by 4.0000 -duty_cycle 50.0000 [get_pins {u_sdram/u0_clk/pll_inst.clkc[0]}]
USR-1002 : Derived clock:  create_generated_clock -name {u_sdram/u0_clk/pll_inst.clkc[1]} -source [get_pins {u_pll_50/pll_inst.clkc[0]}] -master_clock {u_pll_50/pll_inst.clkc[0]} -multiply_by 2.5000 -duty_cycle 50.0000 [get_pins {u_sdram/u0_clk/pll_inst.clkc[1]}]
USR-1002 : Derived clock:  create_generated_clock -name {u_sdram/u0_clk/pll_inst.clkc[2]} -source [get_pins {u_pll_50/pll_inst.clkc[0]}] -master_clock {u_pll_50/pll_inst.clkc[0]} -multiply_by 2.5000 -phase 180 -duty_cycle 50.0000 [get_pins {u_sdram/u0_clk/pll_inst.clkc[2]}]
8.000000
20.000000
8.000000
20.000000
20.000000
8.000000
TMR-2502 : Net delay update with mode: Synthesized
PHY-1001 : SWNS: -2648, STNS: -259662, FEP: 1041
PHY-1001 : End Stage 2.3.1 | Update Timing; Time: 1.470433s wall, 1.453125s user + 0.015625s system = 1.468750s CPU (99.9%); Memory(MB): used = 336, reserved = 331, peak = 336;

PHY-0007 : Cell area utilization is 28%
RUN-1001 : Huge Net Statistic
RUN-1001 : ---------------------------------------------
RUN-1001 :   Fanout  |  Slack  |          Net           
RUN-1001 : ---------------------------------------------
RUN-1001 :    2559   |  -1933  |  u7_rx_fifo/wr_sreset  
RUN-1001 : ---------------------------------------------
PHY-3001 : Clustering ...
PHY-3001 : End clustering;  0.041127s wall, 0.156250s user + 0.078125s system = 0.234375s CPU (569.9%)

PHY-3001 : Target density is 28%
PHY-1001 : Stage 2.3.2 | GP Iteration
PHY-1001 : End Stage 2.3.2 | GP Iteration; Time: 1.045182s wall, 5.609375s user + 1.968750s system = 7.578125s CPU (725.1%); Memory(MB): used = 340, reserved = 334, peak = 340;

PHY-3001 : Multithread accelerating rate: 7.13
PHY-3001 : No need to merge 9x9 Dsps.
PHY-1001 : Populate physical database on model board_b_top.
PHY-1001 : End Stage 2.3 | Global Placement Step 1; Time: 3.311227s wall, 7.968750s user + 2.062500s system = 10.031250s CPU (302.9%); Memory(MB): used = 341, reserved = 334, peak = 341;

PHY-1001 : Stage 2.4 | RAM/DSP Legalization and Detailed Placement
PHY-1001 : Stage 2.4.1 | Legalization
PHY-3001 : Before Legalized: Len = 273664
PHY-3001 : After Legalized: Len = 302720, Over = 4.5625 with grid_size = 320
PHY-1001 : End Stage 2.4.1 | Legalization; Time: 0.743320s wall, 0.750000s user + 0.000000s system = 0.750000s CPU (100.9%); Memory(MB): used = 343, reserved = 336, peak = 343;

PHY-1001 : End Stage 2.4 | RAM/DSP Legalization and Detailed Placement; Time: 0.744019s wall, 0.750000s user + 0.000000s system = 0.750000s CPU (100.8%); Memory(MB): used = 343, reserved = 336, peak = 343;

PHY-1001 : Stage 2.5 | Global Placement Step 2
PHY-3001 : Target density is 34%
PHY-1001 : Stage 2.5.1 | Update Timing
PHY-1001 : SWNS: -3292, STNS: -155797, FEP: 159
PHY-1001 : End Stage 2.5.1 | Update Timing; Time: 0.051908s wall, 0.046875s user + 0.000000s system = 0.046875s CPU (90.3%); Memory(MB): used = 345, reserved = 338, peak = 345;

PHY-1001 : Stage 2.5.2 | Refresh Congestion
RUN-1001 : Generating global routing grids ...
RUN-1001 : Building simple global routing graph ...
PHY-1001 : Generate routing nets ...
PHY-1001 : Reuse net number 0/4323.
PHY-1001 : Global iterations in 32 thread ...
PHY-1002 : len = 347312, over cnt = 905(2%), over = 4347, worst = 52
PHY-1001 : End global iterations;  0.209681s wall, 0.312500s user + 0.015625s system = 0.328125s CPU (156.5%)

PHY-1001 : Congestion index:
PHY-1001 : top1  = 65.53(S 117.37, N 120.43, E 97.20, W 81.96, I 0.00, O 0.00)
PHY-1001 : top5  = 45.69(S 76.43, N 72.78, E 62.02, W 52.93, I 0.00, O 0.00)
PHY-1001 : top10 = 37.44(S 56.82, N 55.72, E 46.21, W 40.58, I 0.00, O 0.00)
PHY-1001 : top15 = 32.45(S 46.03, N 46.18, E 37.43, W 33.66, I 0.00, O 0.00)
PHY-1001 : End Stage 2.5.2 | Refresh Congestion; Time: 0.288173s wall, 0.375000s user + 0.015625s system = 0.390625s CPU (135.6%); Memory(MB): used = 377, reserved = 369, peak = 377;

PHY-1001 : Stage 2.5.3 | GP Iteration
PHY-1001 : End Stage 2.5.3 | GP Iteration; Time: 1.277609s wall, 9.062500s user + 0.781250s system = 9.843750s CPU (770.5%); Memory(MB): used = 378, reserved = 369, peak = 378;

PHY-3001 : Multithread accelerating rate: 7.67
PHY-1001 : End Stage 2.5 | Global Placement Step 2; Time: 2.296561s wall, 10.171875s user + 0.796875s system = 10.968750s CPU (477.6%); Memory(MB): used = 383, reserved = 374, peak = 383;

PHY-1001 : Stage 2.6 | RAM/DSP Detailed Placement
PHY-1001 : End Stage 2.6 | RAM/DSP Detailed Placement; Time: 0.003870s wall, 0.000000s user + 0.000000s system = 0.000000s CPU (n/a%); Memory(MB): used = 383, reserved = 374, peak = 383;

PHY-1001 : Stage 2.7 | Optimize Design
OPT-1001 : Start physical optimization ...
OPT-1001 : Total overflow 174.00 peak overflow 2.38
OPT-1001 : Stage 2.7.1 | Synthesize High-fanout Net
OPT-1001 : Start high-fanout net optimization in pre-pack flow with high effort ...
OPT-1001 : Update timing in Manhattan mode
OPT-1001 : End timing update;  0.513899s wall, 0.484375s user + 0.015625s system = 0.500000s CPU (97.3%)

OPT-1001 : Start: SWNS -2892 STNS -141165 NUM_FEPS 145
OPT-1001 : Total overflow 174.00 peak overflow 2.38
DBG-001 :  select 27 high fanout candidates
DBG-001 :  crit level 1 net count 2 (fanout thres 50)
DBG-001 :  crit level 2 net count 6 (fanout thres 50)
DBG-001 :  crit level 3 net count 7 (fanout thres 40)
DBG-001 :  crit level 4 net count 7 (fanout thres 30)
DBG-001 :  crit level 5 net count 0 (fanout thres 30)
DBG-001 :  crit level 6 net count 5 (fanout thres 10)
PHY-1001 : Populate physical database on model board_b_top.
OPT-1001 : 20 high-fanout net processed.
PHY-3001 : Start incremental placement ...
PHY-1001 : Populate physical database on model board_b_top.
PHY-3001 : Target density is 35%
PHY-3001 : Target density is 35%
PHY-1001 : Stage 2.7.1.1 | Update Timing
PHY-1001 : SWNS: -442, STNS: -442, FEP: 1
PHY-1001 : End Stage 2.7.1.1 | Update Timing; Time: 0.238468s wall, 0.156250s user + 0.000000s system = 0.156250s CPU (65.5%); Memory(MB): used = 387, reserved = 378, peak = 387;

PHY-1001 : Stage 2.7.1.2 | Refresh Congestion
RUN-1001 : Generating global routing grids ...
PHY-1001 : Generate routing nets ...
PHY-1001 : Reuse net number 67/9816.
PHY-1001 : Global iterations in 32 thread ...
PHY-1002 : len = 472712, over cnt = 1556(4%), over = 4886, worst = 19
PHY-1001 : End global iterations;  1.267013s wall, 2.312500s user + 0.046875s system = 2.359375s CPU (186.2%)

PHY-1001 : Congestion index:
PHY-1001 : top1  = 57.87(S 110.86, N 93.47, E 96.47, W 80.00, I 0.00, O 0.00)
PHY-1001 : top5  = 45.55(S 73.09, N 64.28, E 67.60, W 56.65, I 0.00, O 0.00)
PHY-1001 : top10 = 39.87(S 57.78, N 52.34, E 53.88, W 47.36, I 0.00, O 0.00)
PHY-1001 : top15 = 36.19(S 49.85, N 45.56, E 46.41, W 41.96, I 0.00, O 0.00)
PHY-1001 : End Stage 2.7.1.2 | Refresh Congestion; Time: 1.492295s wall, 2.453125s user + 0.062500s system = 2.515625s CPU (168.6%); Memory(MB): used = 392, reserved = 382, peak = 392;

PHY-1001 : Stage 2.7.1.3 | GP Iteration
PHY-1001 : End Stage 2.7.1.3 | GP Iteration; Time: 2.592656s wall, 7.609375s user + 0.515625s system = 8.125000s CPU (313.4%); Memory(MB): used = 393, reserved = 384, peak = 393;

PHY-3001 : Multithread accelerating rate: 3.12
PHY-3001 : Low accelerating rate: 3.12. This may happen when it is heavy-loaded.
PHY-3001 : Final: Len = 363235, Over = 17.4375
PHY-3001 : End incremental placement;  4.707013s wall, 10.500000s user + 0.609375s system = 11.109375s CPU (236.0%)

OPT-1001 : Total overflow 192.41 peak overflow 2.06
RUN-1001 : HFN opt statistic
RUN-1001 : ------------------------------------------------------
RUN-1001 :   DriverCell type  |  HFN count  |  Duplicated count  
RUN-1001 : ------------------------------------------------------
RUN-1001 :         REG        |     11      |         82         
RUN-1001 :        LUT6        |      0      |         0          
RUN-1001 :        LUT5        |      0      |         0          
RUN-1001 :        LUT4        |      1      |         3          
RUN-1001 :        LUT3        |      1      |         98         
RUN-1001 :        LUT2        |      7      |         42         
RUN-1001 :        TOTAL       |     20      |        225         
RUN-1001 : ------------------------------------------------------
OPT-1001 : End high-fanout net optimization;  8.120363s wall, 13.671875s user + 0.625000s system = 14.296875s CPU (176.1%)

OPT-1001 : Update timing in Manhattan mode
OPT-1001 : End timing update;  1.756789s wall, 1.390625s user + 0.015625s system = 1.406250s CPU (80.0%)

OPT-1001 : Current memory(MB): used = 393, reserved = 384, peak = 393.
OPT-1001 : End Stage 2.7.1 | Synthesize High-fanout Net; Time: 10.076124s wall, 15.218750s user + 0.656250s system = 15.875000s CPU (157.6%); Memory(MB): used = 393, reserved = 384, peak = 393;

OPT-1001 : Stage 2.7.2 | Optimize Bottleneck
OPT-1001 : Start bottleneck based optimization ...
OPT-0007 : Start: SWNS -142 STNS -142 NUM_FEPS 1
OPT-1001 : Start congestion update ...
RUN-1001 : Generating global routing grids ...
PHY-1001 : Generate routing nets ...
PHY-1001 : Reuse net number 673/9494.
PHY-1001 : Global iterations in 32 thread ...
PHY-1002 : len = 420888, over cnt = 1198(3%), over = 2588, worst = 15
PHY-1002 : len = 431872, over cnt = 885(2%), over = 1687, worst = 10
PHY-1002 : len = 444168, over cnt = 453(1%), over = 839, worst = 9
PHY-1002 : len = 449064, over cnt = 248(0%), over = 429, worst = 9
PHY-1002 : len = 455232, over cnt = 0(0%), over = 0, worst = 0
PHY-1001 : End global iterations;  2.505701s wall, 2.750000s user + 0.031250s system = 2.781250s CPU (111.0%)

PHY-1001 : Congestion index:
PHY-1001 : top1  = 45.36(S 66.81, N 62.35, E 58.23, W 56.59, I 0.00, O 0.00)
PHY-1001 : top5  = 37.43(S 52.58, N 49.20, E 48.28, W 46.59, I 0.00, O 0.00)
PHY-1001 : top10 = 33.56(S 44.84, N 42.11, E 41.86, W 41.06, I 0.00, O 0.00)
PHY-1001 : top15 = 31.12(S 40.19, N 37.78, E 37.45, W 37.21, I 0.00, O 0.00)
OPT-1001 : End congestion update;  2.687796s wall, 2.921875s user + 0.046875s system = 2.968750s CPU (110.5%)

OPT-0007 : Iter 1: improved SWNS -142 STNS -142 NUM_FEPS 1 with 19(59) cells processed with 1101 slack improved, crit_thod: 2273 ratio: 1.00(19/19) rt: 1.3s
OPT-0007 : Iter 2: improved SWNS -142 STNS -142 NUM_FEPS 1 with 2(61) cells processed with 0 slack improved, crit_thod: 2291 ratio: 1.00(2/2) rt: 0.6s
OPT-0007 : Iter 3: improved SWNS -142 STNS -142 NUM_FEPS 1 with 0(61) cells processed with 0 slack improved, crit_thod: 2291 ratio: -1.00(0/0) rt: 0.6s
OPT-1001 : End bottleneck based optimization;  5.311908s wall, 5.312500s user + 0.046875s system = 5.359375s CPU (100.9%)

OPT-1001 : Current memory(MB): used = 393, reserved = 384, peak = 393.
OPT-1001 : End Stage 2.7.2 | Optimize Bottleneck; Time: 5.434397s wall, 5.421875s user + 0.062500s system = 5.484375s CPU (100.9%); Memory(MB): used = 393, reserved = 384, peak = 393;

OPT-1001 : Stage 2.7.3 | Optimize Path
OPT-1001 : Start path based optimization ...
OPT-0007 : Start: SWNS -142 STNS -142 NUM_FEPS 1 with mode 0
OPT-1001 : Start congestion update ...
RUN-1001 : Generating global routing grids ...
PHY-1001 : Generate routing nets ...
PHY-1001 : Reuse net number 9471/9505.
PHY-1001 : Global iterations in 32 thread ...
PHY-1002 : len = 455328, over cnt = 12(0%), over = 17, worst = 3
PHY-1002 : len = 455424, over cnt = 7(0%), over = 7, worst = 1
PHY-1002 : len = 455456, over cnt = 5(0%), over = 5, worst = 1
PHY-1002 : len = 455544, over cnt = 0(0%), over = 0, worst = 0
PHY-1001 : End global iterations;  0.088113s wall, 0.125000s user + 0.000000s system = 0.125000s CPU (141.9%)

PHY-1001 : Congestion index:
PHY-1001 : top1  = 45.40(S 66.72, N 62.46, E 58.23, W 56.34, I 0.00, O 0.00)
PHY-1001 : top5  = 37.44(S 52.58, N 49.31, E 48.26, W 46.61, I 0.00, O 0.00)
PHY-1001 : top10 = 33.55(S 44.86, N 42.21, E 41.80, W 41.04, I 0.00, O 0.00)
PHY-1001 : top15 = 31.11(S 40.21, N 37.88, E 37.41, W 37.17, I 0.00, O 0.00)
OPT-1001 : End congestion update;  0.255523s wall, 0.296875s user + 0.000000s system = 0.296875s CPU (116.2%)

OPT-0007 : Iter 1: improved SWNS -142 STNS -142 NUM_FEPS 1 with 0(0) cells and 999(2877) paths processed with 0 slack improved, crit_thod: 2291 ratio: -1.00(0/0) rt: 0.3s
OPT-1001 : End path based optimization;  0.539052s wall, 0.562500s user + 0.015625s system = 0.578125s CPU (107.2%)

OPT-1001 : Current memory(MB): used = 394, reserved = 384, peak = 394.
OPT-1001 : End Stage 2.7.3 | Optimize Path; Time: 0.596997s wall, 0.609375s user + 0.015625s system = 0.625000s CPU (104.7%); Memory(MB): used = 394, reserved = 384, peak = 394;

OPT-0007 : End flow prepack: SWNS -142 STNS -142 NUM_FEPS 1
OPT-1001 : End physical optimization;  16.129190s wall, 21.265625s user + 0.734375s system = 22.000000s CPU (136.4%)

PHY-1001 : End Stage 2.7 | Optimize Design; Time: 16.129698s wall, 21.281250s user + 0.734375s system = 22.015625s CPU (136.5%); Memory(MB): used = 394, reserved = 384, peak = 394;

PHY-1001 : Stage 2.8 | Place Packing
PHY-1001 : Stage 2.8.1 | Packing
SYN-4007 : Packing 0 MUX to BLE ...
SYN-4008 : Packed 0 MUX and 0 SEQ to BLE.
SYN-4007 : Packing 4545 LUT to BLE ...
SYN-4008 : Packed 4545 LUT and 2866 SEQ to BLE.
SYN-4003 : Packing 2059 remaining SEQ's ...
SYN-4005 : Packed 1144 SEQ with LUT/SLICE
SYN-4006 : 623 single LUT's are left
SYN-4006 : 915 single SEQ's are left
SYN-4011 : Packing model "board_b_top" (AL_USER_NORMAL) with 5460/6213 primitive instances ...
PHY-1001 : Populate physical database on model board_b_top.
RUN-1001 : There are total 3886 instances
RUN-1001 : 1874 mslices, 1874 lslices, 75 pads, 50 brams, 0 dsps
RUN-1001 : There are total 8776 nets
RUN-1001 : 5454 nets have 2 pins
RUN-1001 : 2168 nets have [3 - 5] pins
RUN-1001 : 644 nets have [6 - 10] pins
RUN-1001 : 301 nets have [11 - 20] pins
RUN-1001 : 200 nets have [21 - 99] pins
RUN-1001 : 9 nets have 100+ pins
PHY-3001 : Target density is 46%
RUN-1002 : start command "start_timer"
8.000000
20.000000
8.000000
20.000000
20.000000
8.000000
RUN-1003 : finish command "start_timer" in  1.710436s wall, 1.687500s user + 0.000000s system = 1.687500s CPU (98.7%)

RUN-1004 : used memory is 395 MB, reserved memory is 385 MB, peak memory is 395 MB
PHY-1001 : End Stage 2.8.1 | Packing; Time: 4.184913s wall, 3.953125s user + 0.031250s system = 3.984375s CPU (95.2%); Memory(MB): used = 396, reserved = 386, peak = 396;

PHY-1001 : Stage 2.8.2 | Post Pack GP
PHY-3001 : Target density is 45%
PHY-3001 : Cell area utilization is 45%
PHY-3001 : After packing: Len = 366636, Over = 66.75
PHY-3001 : Target density is 45%
PHY-1001 : Stage 2.8.2.1 | Update Timing
PHY-1001 : SWNS: 157, STNS: 0, FEP: 0
PHY-1001 : End Stage 2.8.2.1 | Update Timing; Time: 0.144893s wall, 0.109375s user + 0.000000s system = 0.109375s CPU (75.5%); Memory(MB): used = 397, reserved = 387, peak = 397;

PHY-1001 : Stage 2.8.2.2 | Refresh Congestion
RUN-1001 : Generating global routing grids ...
PHY-1001 : Generate routing nets ...
PHY-1001 : Reuse net number 3502/7473.
PHY-1001 : Global iterations in 32 thread ...
PHY-1002 : len = 443856, over cnt = 716(2%), over = 1238, worst = 9
PHY-1002 : len = 449112, over cnt = 445(1%), over = 697, worst = 8
PHY-1002 : len = 454752, over cnt = 162(0%), over = 245, worst = 8
PHY-1002 : len = 457152, over cnt = 50(0%), over = 75, worst = 4
PHY-1002 : len = 457976, over cnt = 0(0%), over = 0, worst = 0
PHY-1001 : End global iterations;  1.424362s wall, 1.500000s user + 0.015625s system = 1.515625s CPU (106.4%)

PHY-1001 : Congestion index:
PHY-1001 : top1  = 45.27(S 66.81, N 64.81, E 59.68, W 56.98, I 0.00, O 0.00)
PHY-1001 : top5  = 38.08(S 51.58, N 50.39, E 48.37, W 46.12, I 0.00, O 0.00)
PHY-1001 : top10 = 34.12(S 43.68, N 42.73, E 41.26, W 39.60, I 0.00, O 0.00)
PHY-1001 : top15 = 31.24(S 39.00, N 37.89, E 36.81, W 35.72, I 0.00, O 0.00)
PHY-1001 : End Stage 2.8.2.2 | Refresh Congestion; Time: 1.622957s wall, 1.703125s user + 0.015625s system = 1.718750s CPU (105.9%); Memory(MB): used = 397, reserved = 387, peak = 397;

PHY-1001 : Stage 2.8.2.3 | GP Iteration
PHY-1001 : End Stage 2.8.2.3 | GP Iteration; Time: 3.041496s wall, 5.765625s user + 0.656250s system = 6.421875s CPU (211.1%); Memory(MB): used = 397, reserved = 387, peak = 397;

PHY-3001 : Multithread accelerating rate: 2.11
PHY-3001 : Low accelerating rate: 2.11. This may happen when it is heavy-loaded.
PHY-1001 : End Stage 2.8.2 | Post Pack GP; Time: 4.834029s wall, 7.593750s user + 0.671875s system = 8.265625s CPU (171.0%); Memory(MB): used = 397, reserved = 387, peak = 397;

PHY-1001 : End Stage 2.8 | Place Packing; Time: 9.021860s wall, 11.546875s user + 0.703125s system = 12.250000s CPU (135.8%); Memory(MB): used = 397, reserved = 387, peak = 397;

PHY-1001 : Stage 2.9 | Legalization
PHY-3001 : Before Legalized: Len = 414270
PHY-3001 : After Legalized: Len = 442380, Over = 0 with grid_size = 160
PHY-1001 : End Stage 2.9 | Legalization; Time: 0.029358s wall, 0.015625s user + 0.000000s system = 0.015625s CPU (53.2%); Memory(MB): used = 397, reserved = 387, peak = 397;

PHY-1001 : Stage 2.10 | Global Placement Step 3
PHY-3001 : Target density is 44%
PHY-1001 : Stage 2.10.1 | Update Timing
PHY-1001 : SWNS: 207, STNS: 0, FEP: 0
PHY-1001 : End Stage 2.10.1 | Update Timing; Time: 1.190128s wall, 1.140625s user + 0.015625s system = 1.156250s CPU (97.2%); Memory(MB): used = 398, reserved = 388, peak = 398;

PHY-1001 : Stage 2.10.2 | Refresh Congestion
RUN-1001 : Generating global routing grids ...
PHY-1001 : Generate routing nets ...
PHY-1001 : Reuse net number 138/7978.
PHY-1001 : Global iterations in 32 thread ...
PHY-1002 : len = 510784, over cnt = 985(2%), over = 1816, worst = 9
PHY-1002 : len = 523200, over cnt = 504(1%), over = 769, worst = 8
PHY-1002 : len = 529272, over cnt = 204(0%), over = 308, worst = 8
PHY-1002 : len = 530856, over cnt = 129(0%), over = 187, worst = 4
PHY-1002 : len = 532896, over cnt = 0(0%), over = 0, worst = 0
PHY-1001 : End global iterations;  1.447319s wall, 1.640625s user + 0.046875s system = 1.687500s CPU (116.6%)

PHY-1001 : Congestion index:
PHY-1001 : top1  = 46.95(S 66.55, N 62.33, E 62.67, W 55.02, I 0.00, O 0.00)
PHY-1001 : top5  = 39.16(S 55.54, N 50.54, E 48.68, W 46.02, I 0.00, O 0.00)
PHY-1001 : top10 = 35.39(S 48.99, N 44.59, E 42.37, W 40.61, I 0.00, O 0.00)
PHY-1001 : top15 = 33.06(S 44.41, N 40.78, E 38.26, W 37.22, I 0.00, O 0.00)
PHY-1001 : End Stage 2.10.2 | Refresh Congestion; Time: 1.801263s wall, 1.968750s user + 0.046875s system = 2.015625s CPU (111.9%); Memory(MB): used = 402, reserved = 392, peak = 402;

PHY-1001 : Stage 2.10.3 | GP Iteration
PHY-1001 : End Stage 2.10.3 | GP Iteration; Time: 0.938429s wall, 1.765625s user + 0.250000s system = 2.015625s CPU (214.8%); Memory(MB): used = 403, reserved = 393, peak = 403;

PHY-3001 : Multithread accelerating rate: 2.14
PHY-3001 : Low accelerating rate: 2.14. This may happen when it is heavy-loaded.
PHY-1001 : End Stage 2.10 | Global Placement Step 3; Time: 3.963254s wall, 4.921875s user + 0.312500s system = 5.234375s CPU (132.1%); Memory(MB): used = 403, reserved = 393, peak = 403;

PHY-1001 : Stage 2.11 | Final Legalization
PHY-3001 : Before Legalized: Len = 389808
PHY-3001 : After Legalized: Len = 401240, Over = 0 with grid_size = 160
PHY-1001 : End Stage 2.11 | Final Legalization; Time: 0.027760s wall, 0.015625s user + 0.000000s system = 0.015625s CPU (56.3%); Memory(MB): used = 403, reserved = 393, peak = 403;

PHY-1001 : End Stage 2 | Global Placement; Time: 35.607017s wall, 56.718750s user + 4.609375s system = 61.328125s CPU (172.2%); Memory(MB): used = 403, reserved = 393, peak = 403;

PHY-1001 : Stage 3 | Detailed Placement
PHY-1001 : Stage 3.1 | SLICE Detailed Placement
PHY-1001 : Stage 3.1.1 | Spreading
PHY-3001 : Spreading special nets. 62 overflows in 2952 tiles.
PHY-3001 : End spreading;  0.024365s wall, 0.031250s user + 0.000000s system = 0.031250s CPU (128.3%)

PHY-1001 : End Stage 3.1.1 | Spreading; Time: 0.025041s wall, 0.031250s user + 0.000000s system = 0.031250s CPU (124.8%); Memory(MB): used = 403, reserved = 394, peak = 403;

PHY-3001 : Final: Len = 402078, Over = 0
PHY-1001 : End Stage 3.1 | SLICE Detailed Placement; Time: 1.330115s wall, 1.125000s user + 0.031250s system = 1.156250s CPU (86.9%); Memory(MB): used = 403, reserved = 394, peak = 403;

PHY-3001 : End Detailed Place; 
PHY-1001 : Stage 3.2 | Optimize Design
OPT-1001 : Start physical optimization ...
OPT-1001 : Total overflow 0.00 peak overflow 0.00
OPT-1001 : Stage 3.2.1 | Physical Optimization
OPT-1001 : Start high-fanout net optimization in optimize equivalent flow with high effort ...
OPT-1001 : Clean unloaded insts before merging registers
PHY-1001 : Populate physical database on model board_b_top.
PHY-1001 : Populate physical database on model board_b_top.
OPT-1001 : Total overflow 0.00 peak overflow 0.00
OPT-1001 : End optimize duplicated nets. Total 112 instances are merged and 1750 sinks are reconnected,  0.151357s wall, 0.140625s user + 0.015625s system = 0.156250s CPU (103.2%)

OPT-1001 : End high-fanout net optimization;  0.152433s wall, 0.140625s user + 0.015625s system = 0.156250s CPU (102.5%)

OPT-1001 : Update timing in Manhattan mode
RUN-1002 : start command "start_timer"
OPT-1001 : End timing update;  2.621084s wall, 2.000000s user + 0.046875s system = 2.046875s CPU (78.1%)

OPT-1001 : Current memory(MB): used = 404, reserved = 394, peak = 404.
OPT-1001 : End Stage 3.2.1 | Physical Optimization; Time: 2.869989s wall, 2.203125s user + 0.093750s system = 2.296875s CPU (80.0%); Memory(MB): used = 404, reserved = 394, peak = 404;

OPT-1001 : Stage 3.2.2 | Synthesize High-fanout Net
OPT-1001 : Start high-fanout net optimization in post-pack flow with high effort ...
OPT-1001 : Start: SWNS 796 STNS 0 NUM_FEPS 0
OPT-1001 : Total overflow 0.00 peak overflow 0.00
DBG-001 :  select 28 high fanout candidates
DBG-001 :  crit level 1 net count 0 (fanout thres 50)
DBG-001 :  crit level 2 net count 2 (fanout thres 50)
DBG-001 :  crit level 3 net count 4 (fanout thres 40)
DBG-001 :  crit level 4 net count 12 (fanout thres 30)
DBG-001 :  crit level 5 net count 3 (fanout thres 30)
DBG-001 :  crit level 6 net count 7 (fanout thres 10)
PHY-1001 : Populate physical database on model board_b_top.
OPT-1001 : 13 high-fanout net processed.
OPT-1001 : Total overflow 0.00 peak overflow 0.00
RUN-1001 : HFN opt statistic
RUN-1001 : ------------------------------------------------------
RUN-1001 :   DriverCell type  |  HFN count  |  Duplicated count  
RUN-1001 : ------------------------------------------------------
RUN-1001 :       LSLICE       |      0      |         0          
RUN-1001 :       MSLICE       |      0      |         0          
RUN-1001 :        OTHER       |     13      |         53         
RUN-1001 :        TOTAL       |     13      |         53         
RUN-1001 : ------------------------------------------------------
OPT-1001 : End high-fanout net optimization;  1.481412s wall, 1.375000s user + 0.062500s system = 1.437500s CPU (97.0%)

OPT-1001 : Current memory(MB): used = 404, reserved = 394, peak = 404.
OPT-1001 : End Stage 3.2.2 | Synthesize High-fanout Net; Time: 1.587698s wall, 1.468750s user + 0.062500s system = 1.531250s CPU (96.4%); Memory(MB): used = 404, reserved = 394, peak = 404;

OPT-1001 : Stage 3.2.3 | Optimize Bottleneck
OPT-1001 : Start bottleneck based optimization ...
OPT-0007 : Start: SWNS 131 STNS 0 NUM_FEPS 0
OPT-1001 : Start congestion update ...
RUN-1001 : Generating global routing grids ...
PHY-1001 : Generate routing nets ...
PHY-1001 : Reuse net number 1689/7880.
PHY-1001 : Global iterations in 32 thread ...
PHY-1002 : len = 476944, over cnt = 943(2%), over = 1700, worst = 8
PHY-1002 : len = 488064, over cnt = 511(1%), over = 731, worst = 8
PHY-1002 : len = 493040, over cnt = 254(0%), over = 372, worst = 8
PHY-1002 : len = 495952, over cnt = 95(0%), over = 126, worst = 6
PHY-1002 : len = 497512, over cnt = 0(0%), over = 0, worst = 0
PHY-1001 : End global iterations;  1.553642s wall, 1.953125s user + 0.015625s system = 1.968750s CPU (126.7%)

PHY-1001 : Congestion index:
PHY-1001 : top1  = 44.64(S 64.40, N 61.90, E 61.98, W 56.62, I 0.00, O 0.00)
PHY-1001 : top5  = 37.05(S 52.87, N 48.99, E 47.76, W 46.16, I 0.00, O 0.00)
PHY-1001 : top10 = 33.33(S 46.12, N 42.57, E 41.17, W 40.12, I 0.00, O 0.00)
PHY-1001 : top15 = 31.02(S 41.76, N 38.60, E 36.94, W 36.36, I 0.00, O 0.00)
OPT-1001 : End congestion update;  1.827453s wall, 2.218750s user + 0.015625s system = 2.234375s CPU (122.3%)

PHY-3001 : Start incremental legalization ...
PHY-1001 : Populate physical database on model board_b_top.
PHY-7002 CRITICAL-WARNING: Instance u_sdram/sdram location (12, 12) is not honored. Cell's initial location is not legal at the beginning of ECO placement, and will be moved during placement. Please verify user location constraints through the adc file.
PHY-3001 : Target density is 38%
PHY-3001 : Target density is 45%
PHY-3001 : Initial: Len = 403970, Over = 0
PHY-3001 : End spreading;  0.023302s wall, 0.015625s user + 0.000000s system = 0.015625s CPU (67.1%)

PHY-3001 : Final: Len = 403970, Over = 0
PHY-3001 : End incremental legalization;  0.168775s wall, 0.140625s user + 0.015625s system = 0.156250s CPU (92.6%)

OPT-0007 : Iter 1: improved SWNS 131 STNS 0 NUM_FEPS 0 with 29(91) cells processed with 8867 slack improved, crit_thod: 2380 ratio: 1.00(29/29) rt: 1.4s
OPT-0007 : Iter 2: improved SWNS 131 STNS 0 NUM_FEPS 0 with 0(0) cells processed with 0 slack improved, crit_thod: 2429 ratio: -1.00(0/0) rt: 0.1s
OPT-0007 : Iter 3: improved SWNS 131 STNS 0 NUM_FEPS 0 with 0(0) cells processed with 0 slack improved, crit_thod: 2429 ratio: -1.00(0/0) rt: 0.0s
OPT-1001 : End bottleneck based optimization;  3.366557s wall, 3.625000s user + 0.078125s system = 3.703125s CPU (110.0%)

OPT-1001 : Update timing in Manhattan mode
OPT-1001 : End timing update;  1.370246s wall, 1.296875s user + 0.000000s system = 1.296875s CPU (94.6%)

OPT-1001 : Current memory(MB): used = 409, reserved = 399, peak = 409.
OPT-1001 : End Stage 3.2.3 | Optimize Bottleneck; Time: 4.881111s wall, 5.046875s user + 0.093750s system = 5.140625s CPU (105.3%); Memory(MB): used = 409, reserved = 399, peak = 409;

OPT-1001 : Stage 3.2.4 | Optimize Path
OPT-1001 : Start path based optimization ...
OPT-0007 : Start: SWNS 131 STNS 0 NUM_FEPS 0 with mode 0
OPT-1001 : Start congestion update ...
RUN-1001 : Generating global routing grids ...
PHY-1001 : Generate routing nets ...
PHY-1001 : Reuse net number 7774/7878.
PHY-1001 : Global iterations in 32 thread ...
PHY-1002 : len = 498696, over cnt = 91(0%), over = 109, worst = 4
PHY-1002 : len = 499696, over cnt = 33(0%), over = 33, worst = 1
PHY-1002 : len = 500192, over cnt = 3(0%), over = 3, worst = 1
PHY-1002 : len = 500288, over cnt = 1(0%), over = 1, worst = 1
PHY-1002 : len = 500304, over cnt = 0(0%), over = 0, worst = 0
PHY-1001 : End global iterations;  0.237618s wall, 0.234375s user + 0.031250s system = 0.265625s CPU (111.8%)

PHY-1001 : Congestion index:
PHY-1001 : top1  = 45.48(S 64.40, N 61.90, E 62.16, W 55.41, I 0.00, O 0.00)
PHY-1001 : top5  = 37.43(S 53.35, N 49.15, E 48.23, W 45.64, I 0.00, O 0.00)
PHY-1001 : top10 = 33.55(S 46.74, N 42.59, E 41.50, W 39.86, I 0.00, O 0.00)
PHY-1001 : top15 = 31.17(S 42.27, N 38.52, E 37.14, W 36.17, I 0.00, O 0.00)
OPT-1001 : End congestion update;  0.479244s wall, 0.453125s user + 0.031250s system = 0.484375s CPU (101.1%)

PHY-3001 : Start incremental legalization ...
PHY-1001 : Populate physical database on model board_b_top.
PHY-7002 CRITICAL-WARNING: Instance u_sdram/sdram location (164, 288) is not honored. Cell's initial location is not legal at the beginning of ECO placement, and will be moved during placement. Please verify user location constraints through the adc file.
PHY-3001 : Target density is 38%
PHY-3001 : Target density is 45%
PHY-3001 : Initial: Len = 413850, Over = 0
PHY-3001 : End spreading;  0.018240s wall, 0.015625s user + 0.000000s system = 0.015625s CPU (85.7%)

PHY-3001 : Final: Len = 413850, Over = 0
PHY-3001 : End incremental legalization;  0.213555s wall, 0.203125s user + 0.000000s system = 0.203125s CPU (95.1%)

OPT-0007 : Iter 1: improved SWNS 131 STNS 0 NUM_FEPS 0 with 91(2062) cells and 1686(1686) paths processed with 33988 slack improved, crit_thod: 2429 ratio: 0.99(91/92) rt: 1.4s
OPT-0007 : Iter 2: improved SWNS 131 STNS 0 NUM_FEPS 0 with 0(0) cells and 0(0) paths processed with 0 slack improved, crit_thod: 2494 ratio: -1.00(0/0) rt: 0.0s
OPT-1001 : End path based optimization;  1.937480s wall, 1.750000s user + 0.031250s system = 1.781250s CPU (91.9%)

OPT-1001 : Update timing in Manhattan mode
OPT-1001 : End timing update;  1.851366s wall, 1.484375s user + 0.046875s system = 1.531250s CPU (82.7%)

OPT-1001 : Current memory(MB): used = 411, reserved = 400, peak = 411.
OPT-1001 : End Stage 3.2.4 | Optimize Path; Time: 3.917051s wall, 3.359375s user + 0.078125s system = 3.437500s CPU (87.8%); Memory(MB): used = 411, reserved = 400, peak = 411;

OPT-1001 : Stage 3.2.5 | Aggressive Optimization
OPT-1001 : End Stage 3.2.5 | Aggressive Optimization; Time: 0.122913s wall, 0.109375s user + 0.000000s system = 0.109375s CPU (89.0%); Memory(MB): used = 411, reserved = 400, peak = 411;

OPT-1001 : Stage 3.2.6 | Optimize Duplicated Nets
OPT-1001 : Start: WNS 731 TNS 0 NUM_FEPS 0
OPT-1001 : Clean unloaded insts before merging registers
PHY-1001 : Populate physical database on model board_b_top.
PHY-1001 : Populate physical database on model board_b_top.
OPT-1001 : Total overflow 0.00 peak overflow 0.00
OPT-1001 : End optimize duplicated nets. Total 10 instances are merged and 602 sinks are reconnected,  0.514321s wall, 0.468750s user + 0.015625s system = 0.484375s CPU (94.2%)

OPT-1001 : Update timing in Manhattan mode
RUN-1002 : start command "start_timer"
OPT-1001 : End timing update;  2.129626s wall, 1.843750s user + 0.031250s system = 1.875000s CPU (88.0%)

OPT-1001 : Current memory(MB): used = 411, reserved = 400, peak = 411.
OPT-1001 : End Stage 3.2.6 | Optimize Duplicated Nets; Time: 2.796023s wall, 2.453125s user + 0.046875s system = 2.500000s CPU (89.4%); Memory(MB): used = 411, reserved = 400, peak = 411;

OPT-1001 : Stage 3.2.7 | Swap Pins
OPT-1001 : Start pin optimization...
OPT-1001 : skip pin optimization...
OPT-1001 : Current memory(MB): used = 411, reserved = 400, peak = 411.
OPT-1001 : End Stage 3.2.7 | Swap Pins; Time: 0.119572s wall, 0.109375s user + 0.000000s system = 0.109375s CPU (91.5%); Memory(MB): used = 411, reserved = 400, peak = 411;

OPT-0007 : End flow postpack: SWNS 731 STNS 0 NUM_FEPS 0
RUN-1001 : Generating global routing grids ...
PHY-1001 : Generate routing nets ...
PHY-1001 : Reuse net number 7611/7873.
PHY-1001 : Global iterations in 32 thread ...
PHY-1002 : len = 505144, over cnt = 118(0%), over = 155, worst = 5
PHY-1002 : len = 506096, over cnt = 73(0%), over = 82, worst = 3
PHY-1002 : len = 506592, over cnt = 35(0%), over = 38, worst = 3
PHY-1002 : len = 506984, over cnt = 6(0%), over = 6, worst = 1
PHY-1002 : len = 507064, over cnt = 0(0%), over = 0, worst = 0
PHY-1001 : End global iterations;  0.267390s wall, 0.296875s user + 0.000000s system = 0.296875s CPU (111.0%)

PHY-1001 : Congestion index:
PHY-1001 : top1  = 45.10(S 63.88, N 61.72, E 61.49, W 54.29, I 0.00, O 0.00)
PHY-1001 : top5  = 37.27(S 52.82, N 49.16, E 48.02, W 45.41, I 0.00, O 0.00)
PHY-1001 : top10 = 33.39(S 46.45, N 42.88, E 41.47, W 39.77, I 0.00, O 0.00)
PHY-1001 : top15 = 31.10(S 42.01, N 38.83, E 37.37, W 36.17, I 0.00, O 0.00)
RUN-1001 : QoR Analysis:
OPT-0007 :   SWNS 731 STNS 0 NUM_FEPS 0
RUN-1001 :   No local congestion issue, and most congested 1% tile average routing util is 44.758621
RUN-1001 :   Top critical paths
RUN-1001 :       #1 path slack 731ps with logic level 4 
RUN-1001 :       #2 path slack 731ps with logic level 4 
RUN-1001 :       #3 path slack 781ps with logic level 4 
RUN-1001 :       #4 path slack 781ps with logic level 4 
RUN-1001 :       #5 path slack 806ps with logic level 4 
RUN-1001 :       #6 path slack 806ps with logic level 4 
OPT-1001 : End physical optimization;  16.838065s wall, 15.296875s user + 0.390625s system = 15.687500s CPU (93.2%)

PHY-1001 : End Stage 3.2 | Optimize Design; Time: 16.838688s wall, 15.296875s user + 0.390625s system = 15.687500s CPU (93.2%); Memory(MB): used = 411, reserved = 400, peak = 411;

PHY-1001 : End Stage 3 | Detailed Placement; Time: 18.189067s wall, 16.421875s user + 0.421875s system = 16.843750s CPU (92.6%); Memory(MB): used = 411, reserved = 400, peak = 411;

PHY-1001 : Stage 4 | Optimize Design
PHY-3001 : Start incremental legalization ...
PHY-1001 : Populate physical database on model board_b_top.
PHY-7002 CRITICAL-WARNING: Instance u_sdram/sdram location (164, 288) is not honored. Cell's initial location is not legal at the beginning of ECO placement, and will be moved during placement. Please verify user location constraints through the adc file.
PHY-3001 : Target density is 38%
PHY-3001 : Target density is 45%
PHY-3001 : Initial: Len = 410996, Over = 0
PHY-1001 : Stage 4.1 | Spreading
PHY-3001 : End spreading;  0.028028s wall, 0.015625s user + 0.000000s system = 0.015625s CPU (55.7%)

PHY-1001 : End Stage 4.1 | Spreading; Time: 0.029725s wall, 0.015625s user + 0.000000s system = 0.015625s CPU (52.6%); Memory(MB): used = 411, reserved = 400, peak = 411;

PHY-3001 : Final: Len = 410996, Over = 0
PHY-3001 : End incremental legalization;  0.135414s wall, 0.140625s user + 0.000000s system = 0.140625s CPU (103.8%)

RUN-1002 : start command "report_qor -step place -file place.qor"
RUN-1002 : start command "start_timer"
TMR-2502 : Net delay update with mode: Placed
RUN-1001 : Generating global routing grids ...
-----------------------------------------------------------
| QoR metrics               |         value               |
-----------------------------------------------------------
| Timing                    |                             |
|     Setup WNS             |          731                |
|     Setup TNS             |            0                |
|     Num of violated S-EP  |            0                |
|     FMAX                  |   137.571MHz                |
|     SWNS path clock period |       8000ps                |
|     Hold WNS              |          -14                |
|     Hold TNS              |         -100                |
|     Num of violated H-EP  |            8                |
-----------------------------------------------------------
| Routing Resource          |                             |
|     Wire length           |       409377                |
-----------------------------------------------------------
| Utilization               |                             |
|     #slices               |         3787                |
|     slices percentage     |       38.64%                |
|     #RAMs                 |           50                |
|     #DSPs                 |            0                |
|     #DRAMHARDCON          |            0                |
-----------------------------------------------------------
| Congestion                |                             |
|     Top 1% tile util      |           40                |
|     Top 1% tile avg util  |       44.76%                |
|     Over 100% util #tile  |            0                |
-----------------------------------------------------------
Report place stage QoR done.

RUN-1003 : finish command "report_qor -step place -file place.qor" in  1.998838s wall, 1.859375s user + 0.015625s system = 1.875000s CPU (93.8%)

RUN-1004 : used memory is 411 MB, reserved memory is 400 MB, peak memory is 411 MB
PHY-1001 : End Stage 4 | Optimize Design; Time: 2.137766s wall, 2.015625s user + 0.015625s system = 2.031250s CPU (95.0%); Memory(MB): used = 411, reserved = 400, peak = 411;

PHY-1001 : Stage 5 | DRC Check
PHY-1001 : Stage 5.1 | Force Route Constraint Check
PHY-1001 : Check Pass.
PHY-1001 : End Stage 5.1 | Force Route Constraint Check; Time: 0.000795s wall, 0.000000s user + 0.000000s system = 0.000000s CPU (n/a%); Memory(MB): used = 411, reserved = 400, peak = 411;

PHY-1001 : Stage 5.2 | Duplicated SelfDriven Check
PHY-1001 : Check pass.
PHY-1001 : End Stage 5.2 | Duplicated SelfDriven Check; Time: 0.006412s wall, 0.015625s user + 0.000000s system = 0.015625s CPU (243.7%); Memory(MB): used = 411, reserved = 400, peak = 411;

PHY-1001 : Stage 5.3 | Clock Rule Check
PHY-1001 : End Stage 5.3 | Clock Rule Check; Time: 0.000458s wall, 0.000000s user + 0.000000s system = 0.000000s CPU (n/a%); Memory(MB): used = 411, reserved = 400, peak = 411;

PHY-1001 : End Stage 5 | DRC Check; Time: 0.017460s wall, 0.015625s user + 0.000000s system = 0.015625s CPU (89.5%); Memory(MB): used = 411, reserved = 400, peak = 411;

OPT-1001 : QoR tracer report on placement steps:
    SWNS [   incr ]     STNS [    incr ]    FEPS [   incr ]    CRIT [   incr ]      CELL [     incr ]        WL [     incr ]    CONG [   incr ]    PDES [   incr ]   RT(s) [   incr ]   MEM(mb) [     incr ]
       0 [      0 ]        0 [       0 ]       0 [      0 ]       0 [      0 ]     10002 [        0 ]         0 [        0 ]    0.00 [   0.00 ]       0 [      0 ]       0 [      0 ]       175 [        0 ] : preplace:simplify_lut
       0 [      0 ]        0 [       0 ]       0 [      0 ]       0 [      0 ]      9998 [       -4 ]         0 [        0 ]    0.00 [   0.00 ]       0 [      0 ]       0 [      0 ]       175 [        0 ] : preplace:sweep
       0 [      0 ]        0 [       0 ]       0 [      0 ]       0 [      0 ]      9998 [        0 ]         0 [        0 ]    0.00 [   0.00 ]       0 [      0 ]       0 [      0 ]       175 [        0 ] : preplace:hfn_opt
   -3292 [  -3292 ]  -155797 [ -155797 ]     159 [    159 ]    2882 [   2882 ]      9998 [        0 ]    271461 [   271461 ]    0.00 [   0.00 ]       0 [      0 ]       3 [      3 ]       341 [      166 ] : step1_gp
   -3292 [      0 ]  -155797 [       0 ]     159 [      0 ]    2824 [    -58 ]      9998 [        0 ]    300653 [    29192 ]    0.00 [   0.00 ]       0 [      0 ]       4 [      1 ]       343 [        2 ] : step1_legal
   -2892 [    400 ]  -141165 [   14632 ]     145 [    -14 ]    2913 [     89 ]      9998 [        0 ]    389312 [    88659 ]   65.07 [  65.07 ]       0 [      0 ]       6 [      2 ]       383 [       40 ] : step2_gp
    -142 [   2750 ]     -142 [  141023 ]       1 [   -144 ]    3022 [    109 ]     10223 [      225 ]    361103 [   -28209 ]   57.48 [  -7.59 ]       0 [      0 ]      16 [     10 ]       393 [       10 ] : prepack:hfn_opt
    -142 [      0 ]     -142 [       0 ]       1 [      0 ]    3022 [      0 ]     10223 [        0 ]    361498 [      395 ]   44.83 [ -12.66 ]       0 [      0 ]      22 [      6 ]       393 [        0 ] : prepack:bn_opt
    -142 [      0 ]     -142 [       0 ]       1 [      0 ]    3022 [      0 ]     10223 [        0 ]    361498 [        0 ]   44.86 [   0.03 ]       0 [      0 ]      22 [      0 ]       394 [        1 ] : prepack:path_opt
     157 [    299 ]        0 [     142 ]       0 [     -1 ]    3060 [     38 ]      3886 [    -6337 ]    365003 [     3505 ]   44.86 [   0.00 ]       0 [      0 ]      26 [      4 ]       396 [        2 ] : pack
     307 [    150 ]        0 [       0 ]       0 [      0 ]    3019 [    -41 ]      3886 [        0 ]    399607 [    34604 ]   46.52 [   1.66 ]       0 [      0 ]      37 [     11 ]       403 [        7 ] : post_pack_place
     307 [      0 ]        0 [       0 ]       0 [      0 ]    3015 [     -4 ]      3886 [        0 ]    400445 [      838 ]   46.52 [   0.00 ]       0 [      0 ]      38 [      1 ]       403 [        0 ] : post_pack_spreading
     796 [    489 ]        0 [       0 ]       0 [      0 ]    3041 [     26 ]      3878 [       -8 ]    388869 [   -11576 ]   46.52 [   0.00 ]       0 [      0 ]      41 [      3 ]       404 [        1 ] : postpack:optimize_equivalent_quick
     131 [   -665 ]        0 [       0 ]       0 [      0 ]    2903 [   -138 ]      3931 [       53 ]    400059 [    11190 ]   46.52 [   0.00 ]       0 [      0 ]      43 [      2 ]       404 [        0 ] : postpack:hfn_opt
     131 [      0 ]        0 [       0 ]       0 [      0 ]    2931 [     28 ]      3931 [        0 ]    402349 [     2290 ]   44.24 [  -2.28 ]       0 [      0 ]      47 [      4 ]       409 [        5 ] : postpack:bn_opt
     731 [    600 ]        0 [       0 ]       0 [      0 ]    3085 [    154 ]      3931 [        0 ]    412229 [     9880 ]   45.17 [   0.93 ]       0 [      0 ]      51 [      4 ]       411 [        2 ] : postpack:path_opt
     731 [      0 ]        0 [       0 ]       0 [      0 ]    3085 [      0 ]      3931 [        0 ]    412229 [        0 ]   45.17 [   0.00 ]       0 [      0 ]      51 [      0 ]       411 [        0 ] : postpack:aggressive_opt
     731 [      0 ]        0 [       0 ]       0 [      0 ]    3095 [     10 ]      3925 [       -6 ]    409377 [    -2852 ]   45.17 [   0.00 ]       0 [      0 ]      54 [      3 ]       411 [        0 ] : postpack:optimize_equivalent
     731 [      0 ]        0 [       0 ]       0 [      0 ]    3095 [      0 ]      3925 [        0 ]    409377 [        0 ]   45.17 [   0.00 ]       0 [      0 ]      54 [      0 ]       411 [        0 ] : postpack:pin_opt

RUN-1003 : finish command "place" in  57.552099s wall, 76.578125s user + 5.062500s system = 81.640625s CPU (141.9%)

RUN-1004 : used memory is 411 MB, reserved memory is 400 MB, peak memory is 411 MB
RUN-1002 : start command "update_timing -mode manhattan"
RUN-1002 : start command "start_timer"
RUN-1003 : finish command "update_timing -mode manhattan" in  1.157733s wall, 1.062500s user + 0.015625s system = 1.078125s CPU (93.1%)

RUN-1004 : used memory is 411 MB, reserved memory is 400 MB, peak memory is 411 MB
RUN-1002 : start command "report_timing_status -file UDP_EXAMPLE_place.ts"
RUN-1002 : start command "report_timing_summary -file UDP_EXAMPLE_place.timing"
RUN-1002 : start command "report_area -io_info -file UDP_EXAMPLE_phy.area"
RUN-1001 : standard
***Report Model: board_b_top Device: EG4S20BG256***

IO Statistics
#IO                        20   out of    188   10.64%
  #input                    8
  #output                  12
  #inout                    0

Utilization Statistics
#lut                     5954   out of  19600   30.38%
#reg                     4980   out of  19600   25.41%
#le                      6852
  #lut only              1872   out of   6852   27.32%
  #reg only               898   out of   6852   13.11%
  #lut&reg               4082   out of   6852   59.57%
#bram                      50   out of     64   78.12%
  #bram9k                  50
  #fifo9k                   0
#bram32k                    0   out of     16    0.00%
#dsp                        0   out of     29    0.00%
#pad                       20   out of    188   10.64%
  #ireg                     6
  #oreg                    12
  #treg                     0
#pll                        4   out of      4  100.00%
#gclk                       5   out of     16   31.25%

RUN-1002 : start command "flow_status -file place_flow.status"
Location         : D:\Nizhenghang\Project\2026Anlu1\boardB_eth_frontend\prj\UDP_EXAMPLE\UDP_EXAMPLE_Runs\phy_1
Running with     : Tang Dynasty v6.2.178840
                   Copyright (c) 2012-2025 Anlogic Inc.
Top Model        : board_b_top
Device           : EG4S20BG256
Speed            : NA

Timing Mode      : manhattan
Setup            : WNS   731ps  TNS        0ps  NUM_FEPS     0
Hold             : WNS   -14ps  TNS     -100ps  NUM_FEPS     8

Flow Statistics  :
RUN-1001 : Flow Statistics:
RUN-1001 : --------------------------------------------------------------------------------------------------
RUN-1001 :      command     |  #calls  |  wall time  |  cpu time(s)  |  used memory(mb)  |  peak memory(mb)  
RUN-1001 : --------------------------------------------------------------------------------------------------
RUN-1001 :       place      |    1     |  57s(100%)  |   81(100%)    |        411        |        411        
RUN-1001 :     import_db    |    1     |   0s(0%)    |     0(0%)     |        173        |        173        
RUN-1001 :   import_device  |    1     |   0s(0%)    |     0(0%)     |        83         |        83         
RUN-1001 : --------------------------------------------------------------------------------------------------
RUN-1001 :       total      |    3     |     57s     |      81       |        411        |        411        
RUN-1001 : --------------------------------------------------------------------------------------------------
RUN-1002 : start command "report_clock_utilization -file place_clock_utilization.txt"
RUN-1001 : Device not support command report_clock_utilization.
RUN-1002 : start command "export_db UDP_EXAMPLE_place.db"
RUN-1001 : Exported flow parameters
RUN-1001 : Exported /
RUN-1001 : Exported libs
RUN-1001 : Exported entities
RUN-1001 : Exported ports
RUN-1001 : Exported pins
RUN-1001 : Exported instances
RUN-1001 : Exported nets
RUN-1001 : Exported buses
RUN-1001 : Exported models
RUN-1001 : Exported phy database
RUN-1001 : Exported packer
RUN-1001 : Exported congestions
RUN-1001 : Exported violations
RUN-1001 : Exported ATMR Setting
RUN-1001 : Exported timing constraints
RUN-1001 : Exported IO constraints
RUN-1001 : Exported Inst constraints
RUN-1001 : Exported ChipWatcher
RUN-1002 : start command "commit_param -step route"
RUN-1001 : Print Global Property
RUN-1001 : --------------------------------------------------------
RUN-1001 :   Parameters   |  Settings  |  Default Values  |  Note  
RUN-1001 : --------------------------------------------------------
RUN-1001 :   enable_seed  |    off     |       off        |        
RUN-1001 :     message    |  standard  |     standard     |        
RUN-1001 :   qor_monitor  |     on     |        on        |        
RUN-1001 :   syn_ip_flow  |    off     |       off        |        
RUN-1001 :     thread     |    auto    |       auto       |        
RUN-1001 : --------------------------------------------------------
RUN-1001 : Print Route Property
RUN-1001 : -------------------------------------------------------
RUN-1001 :   Parameters  |  Settings  |  Default Values  |  Note  
RUN-1001 : -------------------------------------------------------
RUN-1001 :     effort    |   normal   |      normal      |        
RUN-1001 :    fix_hold   |     on     |        on        |        
RUN-1001 :     timing    |     on     |        on        |        
RUN-1001 : -------------------------------------------------------
RUN-1002 : start command "route"
RUN-1001 : Open license file D:/Download/TD/license/Anlogic.lic
PHY-1001 : Route runs in 32 thread(s)
RUN-1001 : There are total 3925 instances
RUN-1001 : 1893 mslices, 1894 lslices, 75 pads, 50 brams, 0 dsps
RUN-1001 : There are total 8709 nets
RUN-1001 : 5444 nets have 2 pins
RUN-1001 : 2160 nets have [3 - 5] pins
RUN-1001 : 626 nets have [6 - 10] pins
RUN-1001 : 282 nets have [11 - 20] pins
RUN-1001 : 189 nets have [21 - 99] pins
RUN-1001 : 8 nets have 100+ pins
RUN-1002 : start command "start_timer"
PHY-1001 : 1893 mslices, 1894 lslices, 75 pads, 50 brams, 0 dsps

PHY-1001 : Stage 1 | Global Routing
PHY-1001 : Start global routing, caller is route ...
RUN-1001 : Generating global routing grids ...
PHY-1001 : Generate routing nets ...
RUN-1001 : Generate nets statistics:
RUN-1001 : ----------------------------
RUN-1001 :        Type       |  Nets   
RUN-1001 : ----------------------------
RUN-1001 :   TotalRouteNets  |  8108   
RUN-1001 :   DontRouteNets   |   488   
RUN-1001 :     RouteNets     |  7620   
RUN-1001 :     RouteSinks    |  18760  
RUN-1001 : ----------------------------
PHY-1001 : Global iterations in 32 thread ...
PHY-1002 : len = 476824, over cnt = 1017(2%), over = 1919, worst = 8
PHY-1002 : len = 488632, over cnt = 606(1%), over = 950, worst = 8
PHY-1002 : len = 494968, over cnt = 285(0%), over = 440, worst = 8
PHY-1002 : len = 501112, over cnt = 1(0%), over = 1, worst = 1
PHY-1002 : len = 501144, over cnt = 0(0%), over = 0, worst = 0
PHY-1001 : End global iterations;  0.623369s wall, 0.718750s user + 0.000000s system = 0.718750s CPU (115.3%)

PHY-1001 : Congestion index:
PHY-1001 : top1  = 44.97(S 62.07, N 59.78, E 61.51, W 55.00, I 0.00, O 0.00)
PHY-1001 : top5  = 36.79(S 52.45, N 48.60, E 47.45, W 45.26, I 0.00, O 0.00)
PHY-1001 : top10 = 33.10(S 45.90, N 42.45, E 40.88, W 39.58, I 0.00, O 0.00)
PHY-1001 : top15 = 30.90(S 41.61, N 38.55, E 36.86, W 35.95, I 0.00, O 0.00)
PHY-1001 : End global routing;  0.781516s wall, 0.859375s user + 0.015625s system = 0.875000s CPU (112.0%)

PHY-1001 : End Stage 1 | Global Routing; Time: 0.781820s wall, 0.859375s user + 0.015625s system = 0.875000s CPU (111.9%); Memory(MB): used = 260, reserved = 521, peak = 428;

PHY-1001 : Stage 2 | Detail Routing
PHY-1001 : Stage 2.1 | Build Routing Design
PHY-1001 : Routing in high effort: false
PHY-1001 : Routing Mode: normal
PHY-1001 : Generate detailed routing grids ...
PHY-1001 : End build routing graph; 2.526535s wall, 2.468750s user + 0.015625s system = 2.484375s CPU (98.3%)

PHY-1001 : Generate nets ...
PHY-1001 : net clk_50_dup_1 will be routed on clock mesh
PHY-1001 : net phy1_rgmii_rx_clk_dup_1 will be routed on clock mesh
PHY-1001 : clock net temac_clk will be merged with clock u_clk_gen/u_pll_0/clk0_buf
PHY-1001 : net temac_clk90 will be routed on clock mesh
PHY-1001 : net udp_clk will be routed on clock mesh
PHY-1001 : net u_sdram/u2_ram/SDRAM_CLK will be routed on clock mesh
PHY-1001 : net u_sdram/u1_app_wrrd/clk will be routed on clock mesh
PHY-1001 : clock net u4_trimac_block/rx_clk will be merged with clock u4_trimac_block/u1_rgmii_interface/rgmii_rxc
PHY-1001 : clock net u_sdram/u0_clk/clk0_out will be merged with clock u_sdram/u0_clk/clk0_buf
PHY-1001 : clock net u_bmp_decode/clk will be merged with clock u_pll_50/clk0_buf
PHY-1001 : clock net u_rx_pll/clk0_out will be merged with clock u_rx_pll/clk0_buf
RUN-1001 : Generate nets statistics:
RUN-1001 : ------------------------------
RUN-1001 :         Type        |  Nets   
RUN-1001 : ------------------------------
RUN-1001 :        Route        |  8108   
RUN-1001 :      DontRoute      |   601   
RUN-1001 :      RouteSinks     |  29118  
RUN-1001 :   RouteEntitySinks  |    0    
RUN-1001 :       Lut2Dff       |    0    
RUN-1001 :       Ram2Dff       |    0    
RUN-1001 :      Carry2Dff      |    0    
RUN-1001 : ------------------------------
RUN-1001 : DR clock net summary:
RUN-1001 : -------------------------------------------------------
RUN-1001 :   Net Idx  |          Net Name          |  Clock Type  
RUN-1001 : -------------------------------------------------------
RUN-1001 :      1     |        clk_50_dup_1        |    Normal    
RUN-1001 :      2     |  phy1_rgmii_rx_clk_dup_1   |    Normal    
RUN-1001 :      3     |         temac_clk          |    Normal    
RUN-1001 :      4     |        temac_clk90         |    Normal    
RUN-1001 :      5     |   u4_trimac_block/rx_clk   |    Normal    
RUN-1001 :      6     |      u_bmp_decode/clk      |    Normal    
RUN-1001 :      7     |     u_rx_pll/clk0_out      |    Normal    
RUN-1001 :      8     |  u_sdram/u0_clk/clk0_out   |    Normal    
RUN-1001 :      9     |  u_sdram/u1_app_wrrd/clk   |    Normal    
RUN-1001 :     10     |  u_sdram/u2_ram/SDRAM_CLK  |    Normal    
RUN-1001 :     11     |          udp_clk           |    Normal    
RUN-1001 : -------------------------------------------------------
RUN-1001 : DR clock buffer summary:
RUN-1001 : ----------------
RUN-1001 :   Idx  |  Name  
RUN-1001 : ----------------
RUN-1001 : ----------------
PHY-1001 : End Stage 2.1 | Build Routing Design; Time: 2.707718s wall, 2.640625s user + 0.015625s system = 2.656250s CPU (98.1%); Memory(MB): used = 563, reserved = 686, peak = 563;

RUN-1001 : Top Percentage Crit. Net Stat.
RUN-1001 : -------------------------------------------------------
RUN-1001 :   Top %  |  Net Count  |  Avg. Fanout  |  Avg. Slack   
RUN-1001 : -------------------------------------------------------
RUN-1001 :     1    |     87      |   5.597701    |  2144.425287  
RUN-1001 :     2    |     174     |   4.333333    |  2378.293103  
RUN-1001 :     3    |     261     |   4.095785    |  2512.229885  
RUN-1001 :     4    |     348     |   4.281609    |  2611.801724  
RUN-1001 :     5    |     435     |   4.068966    |  2697.765517  
RUN-1001 :     6    |     522     |   4.233716    |  2773.003831  
RUN-1001 :     7    |     609     |   4.234811    |  2840.136289  
RUN-1001 :     8    |     696     |   4.181034    |  2901.798851  
RUN-1001 :     9    |     783     |   4.173691    |  2959.274585  
RUN-1001 :    10    |     870     |   4.055172    |  3013.040230  
RUN-1001 : -------------------------------------------------------
PHY-1001 : Stage 2.2 | Clock Nets Routing
PHY-1001 : Routed 0% nets.
PHY-1001 : len = 180560, over cnt = 0(0%), over = 0, worst = 0, crit = 0
PHY-1001 : End Stage 2.2 | Clock Nets Routing; Time: 2.481400s wall, 2.437500s user + 0.000000s system = 2.437500s CPU (98.2%); Memory(MB): used = 598, reserved = 720, peak = 598;

PHY-1001 : Stage 2.3 | Routing Initialization
PHY-1001 : Mark 1% net(place mode slack < 2496ps) as critical nets.
PHY-1001 : Stage 2.3.1 | Normal Nets Routing
PHY-1001 : Routed 93% nets.
PHY-1001 : len = 852280, over cnt = 749(0%), over = 750, worst = 2, crit = 0
PHY-1001 : End Stage 2.3.1 | Normal Nets Routing; Time: 11.532053s wall, 22.343750s user + 0.593750s system = 22.937500s CPU (198.9%); Memory(MB): used = 604, reserved = 724, peak = 604;

PHY-1001 : Stage 2.3.2 | Update Timing
RUN-1002 : start command "start_timer"
8.000000
20.000000
8.000000
20.000000
20.000000
8.000000
PHY-1001 : 427/8108(5%) critical/total net(s).
PHY-1001 : Setup: WNS(ns) = -1.929, TNS(ns) = -494.089, FEP = 884 | Hold: WNS(ns) = -1.707, TNS(ns) = -14.728, FEP = 34.
PHY-1001 : End Stage 2.3.2 | Update Timing; Time: 1.628820s wall, 1.562500s user + 0.031250s system = 1.593750s CPU (97.8%); Memory(MB): used = 623, reserved = 729, peak = 623;

PHY-1001 : End Stage 2.3 | Routing Initialization; Time: 13.195243s wall, 23.937500s user + 0.625000s system = 24.562500s CPU (186.1%); Memory(MB): used = 624, reserved = 729, peak = 624;

PHY-1001 : Stage 2.4 | Routing Optimization
PHY-1001 : Build lut bridge;  0.075002s wall, 0.078125s user + 0.000000s system = 0.078125s CPU (104.2%)

PHY-1001 : Stage 2.4.1 | Phase 1
PHY-1001 : Stage 2.4.1.1 | Setup TimeOptimization
PHY-1001 : Start to optimize setup violation with net base ...
PHY-1001 : Iter 1; Processed 168 pins with SWNS -1.418ns STNS -50.812ns FEP 107 took 4.4862 seconds.
PHY-1001 : len = 859704, over cnt = 853(0%), over = 856, worst = 2, crit = 0
PHY-1001 : End Stage 2.4.1.1 | Setup TimeOptimization; Time: 4.552912s wall, 4.437500s user + 0.062500s system = 4.500000s CPU (98.8%); Memory(MB): used = 626, reserved = 730, peak = 626;

PHY-1001 : Stage 2.4.1.2 | Rip-up And ReRoute
PHY-1001 : Iter 1: len = 861408, over cnt = 260(0%), over = 260, worst = 1, crit = 0, time(s) = 0.71
PHY-1001 : Iter 2: len = 861864, over cnt = 184(0%), over = 184, worst = 1, crit = 0, time(s) = 0.24
PHY-1001 : Iter 3: len = 861888, over cnt = 159(0%), over = 159, worst = 1, crit = 0, time(s) = 0.20
PHY-1001 : Iter 4: len = 863112, over cnt = 40(0%), over = 40, worst = 1, crit = 0, time(s) = 0.16
PHY-1001 : Iter 5: len = 863288, over cnt = 31(0%), over = 31, worst = 1, crit = 0, time(s) = 0.07
PHY-1001 : Iter 6: len = 863288, over cnt = 30(0%), over = 30, worst = 1, crit = 0, time(s) = 0.07
PHY-1001 : Switch mode......
PHY-1001 : Iter 7: len = 863760, over cnt = 8(0%), over = 8, worst = 1, crit = 0, time(s) = 0.06
PHY-1001 : Iter 8: len = 863880, over cnt = 2(0%), over = 2, worst = 1, crit = 0, time(s) = 0.02
PHY-1001 : Iter 9: len = 863880, over cnt = 2(0%), over = 2, worst = 1, crit = 0, time(s) = 0.01
PHY-1001 : Iter 10: len = 863880, over cnt = 2(0%), over = 2, worst = 1, crit = 0, time(s) = 0.01
PHY-1001 : Iter 11: len = 863880, over cnt = 2(0%), over = 2, worst = 1, crit = 0, time(s) = 0.01
PHY-1001 : Iter 12: len = 863904, over cnt = 0(0%), over = 0, worst = 0, crit = 0, time(s) = 0.01
PHY-1001 : End Stage 2.4.1.2 | Rip-up And ReRoute; Time: 1.617573s wall, 3.296875s user + 0.140625s system = 3.437500s CPU (212.5%); Memory(MB): used = 628, reserved = 731, peak = 628;

PHY-1001 : Stage 2.4.1.3 | Update Timing
RUN-1002 : start command "start_timer"
PHY-1001 : 283/8108(3%) critical/total net(s).
PHY-1001 : Setup: WNS(ns) = -1.527, TNS(ns) = -158.461, FEP = 464 | Hold: WNS(ns) = -1.707, TNS(ns) = -14.900, FEP = 38.
PHY-1001 : End Stage 2.4.1.3 | Update Timing; Time: 1.344515s wall, 1.312500s user + 0.015625s system = 1.328125s CPU (98.8%); Memory(MB): used = 629, reserved = 732, peak = 629;

PHY-1001 : Stage 2.4.1.4 | Commit Data
PHY-1001 : Commit better result to database ...
PHY-1001 : 188 feed throughs used by 158 nets
PHY-1001 : End Stage 2.4.1.4 | Commit Data; Time: 0.573622s wall, 0.578125s user + 0.000000s system = 0.578125s CPU (100.8%); Memory(MB): used = 660, reserved = 763, peak = 660;

PHY-1001 : End Stage 2.4.1 | Phase 1; Time: 8.211390s wall, 9.781250s user + 0.265625s system = 10.046875s CPU (122.4%); Memory(MB): used = 660, reserved = 763, peak = 660;

PHY-1001 : Stage 2.4.2 | Phase 2
PHY-1001 : Stage 2.4.2.1 | Setup TimeOptimization
PHY-1001 : Start to optimize setup violation with net base ...
PHY-1001 : Iter 1; Processed 83 pins with SWNS -1.418ns STNS -50.784ns FEP 107 took 1.95231 seconds.
PHY-1001 : len = 866688, over cnt = 68(0%), over = 68, worst = 1, crit = 0
PHY-1001 : End Stage 2.4.2.1 | Setup TimeOptimization; Time: 2.031339s wall, 1.984375s user + 0.000000s system = 1.984375s CPU (97.7%); Memory(MB): used = 661, reserved = 764, peak = 661;

PHY-1001 : Stage 2.4.2.2 | Rip-up And ReRoute
PHY-0007 : Congestion: {48.58, 40.44, 36.77, 34.63}; Timing: {-1.418ns, -50.784ns, 107}
PHY-1001 : Iter 1: len = 865792, over cnt = 5(0%), over = 5, worst = 1, crit = 0, time(s) = 0.06
PHY-1001 : Iter 2: len = 865824, over cnt = 1(0%), over = 1, worst = 1, crit = 0, time(s) = 0.02
PHY-1001 : Iter 3: len = 865824, over cnt = 1(0%), over = 1, worst = 1, crit = 0, time(s) = 0.01
PHY-1001 : Iter 4: len = 865872, over cnt = 0(0%), over = 0, worst = 0, crit = 0, time(s) = 0.02
PHY-1001 : End Stage 2.4.2.2 | Rip-up And ReRoute; Time: 0.138279s wall, 0.140625s user + 0.000000s system = 0.140625s CPU (101.7%); Memory(MB): used = 661, reserved = 765, peak = 661;

PHY-1001 : Stage 2.4.2.3 | Update Timing
RUN-1002 : start command "start_timer"
PHY-1001 : 201/8108(2%) critical/total net(s).
PHY-1001 : Setup: WNS(ns) = -1.527, TNS(ns) = -194.470, FEP = 417 | Hold: WNS(ns) = -1.707, TNS(ns) = -14.900, FEP = 38.
PHY-1001 : End Stage 2.4.2.3 | Update Timing; Time: 1.323408s wall, 1.328125s user + 0.000000s system = 1.328125s CPU (100.4%); Memory(MB): used = 663, reserved = 767, peak = 663;

PHY-1001 : Stage 2.4.2.4 | Commit Data
PHY-1001 : Don't need to commit to database ...
PHY-1001 : End Stage 2.4.2.4 | Commit Data; Time: 0.014351s wall, 0.015625s user + 0.000000s system = 0.015625s CPU (108.9%); Memory(MB): used = 663, reserved = 767, peak = 663;

PHY-1001 : End Stage 2.4.2 | Phase 2; Time: 3.630765s wall, 3.562500s user + 0.015625s system = 3.578125s CPU (98.6%); Memory(MB): used = 663, reserved = 767, peak = 663;

PHY-1001 : Stage 2.4.3 | Phase 3
PHY-1001 : Stage 2.4.3.1 | Setup TimeOptimization
PHY-1001 : Start to optimize setup violation with net base ...
PHY-1001 : Iter 1; Processed 34 pins with SWNS -1.418ns STNS -50.784ns FEP 107 took 1.09666 seconds.
PHY-1001 : len = 866888, over cnt = 29(0%), over = 29, worst = 1, crit = 0
PHY-1001 : End Stage 2.4.3.1 | Setup TimeOptimization; Time: 1.182454s wall, 1.234375s user + 0.000000s system = 1.234375s CPU (104.4%); Memory(MB): used = 664, reserved = 767, peak = 664;

PHY-1001 : Stage 2.4.3.2 | Rip-up And ReRoute
PHY-1001 : Iter 1: len = 866392, over cnt = 0(0%), over = 0, worst = 0, crit = 0, time(s) = 0.03
PHY-1001 : End Stage 2.4.3.2 | Rip-up And ReRoute; Time: 0.037165s wall, 0.156250s user + 0.000000s system = 0.156250s CPU (420.4%); Memory(MB): used = 664, reserved = 767, peak = 664;

PHY-1001 : Stage 2.4.3.3 | Update Timing
RUN-1002 : start command "start_timer"
PHY-1001 : 141/8108(1%) critical/total net(s).
PHY-1001 : Setup: WNS(ns) = -1.418, TNS(ns) = -186.206, FEP = 301 | Hold: WNS(ns) = -1.707, TNS(ns) = -14.900, FEP = 38.
PHY-1001 : End Stage 2.4.3.3 | Update Timing; Time: 1.346045s wall, 1.281250s user + 0.031250s system = 1.312500s CPU (97.5%); Memory(MB): used = 58, reserved = 768, peak = 665;

PHY-1001 : Stage 2.4.3.4 | Commit Data
PHY-1001 : Don't need to commit to database ...
PHY-1001 : End Stage 2.4.3.4 | Commit Data; Time: 0.012807s wall, 0.015625s user + 0.000000s system = 0.015625s CPU (122.0%); Memory(MB): used = 59, reserved = 768, peak = 665;

PHY-1001 : End Stage 2.4.3 | Phase 3; Time: 2.714145s wall, 2.859375s user + 0.078125s system = 2.937500s CPU (108.2%); Memory(MB): used = 116, reserved = 768, peak = 665;

PHY-1001 : Stage 2.4.4 | Phase 4
PHY-1001 : Stage 2.4.4.1 | Setup TimeOptimization
PHY-1001 : Start to optimize setup violation with net base ...
PHY-1001 : Iter 1; Processed 16 pins with SWNS -1.418ns STNS -50.916ns FEP 107 took 0.625965 seconds.
PHY-1001 : len = 866768, over cnt = 12(0%), over = 12, worst = 1, crit = 0
PHY-1001 : End Stage 2.4.4.1 | Setup TimeOptimization; Time: 0.715968s wall, 0.718750s user + 0.000000s system = 0.718750s CPU (100.4%); Memory(MB): used = 227, reserved = 768, peak = 665;

PHY-1001 : Stage 2.4.4.2 | Rip-up And ReRoute
PHY-1001 : Iter 1: len = 866848, over cnt = 0(0%), over = 0, worst = 0, crit = 0, time(s) = 0.04
PHY-1001 : End Stage 2.4.4.2 | Rip-up And ReRoute; Time: 0.057527s wall, 0.031250s user + 0.000000s system = 0.031250s CPU (54.3%); Memory(MB): used = 239, reserved = 768, peak = 665;

PHY-1001 : Stage 2.4.4.3 | Update Timing
RUN-1002 : start command "start_timer"
PHY-1001 : 125/8108(1%) critical/total net(s).
PHY-1001 : Setup: WNS(ns) = -1.418, TNS(ns) = -113.418, FEP = 355 | Hold: WNS(ns) = -1.707, TNS(ns) = -14.900, FEP = 38.
PHY-1001 : End Stage 2.4.4.3 | Update Timing; Time: 1.343656s wall, 1.265625s user + 0.078125s system = 1.343750s CPU (100.0%); Memory(MB): used = 316, reserved = 768, peak = 665;

PHY-1001 : Stage 2.4.4.4 | Commit Data
PHY-1001 : Commit better result to database ...
PHY-1001 : 202 feed throughs used by 167 nets
PHY-1001 : End Stage 2.4.4.4 | Commit Data; Time: 0.648860s wall, 0.609375s user + 0.031250s system = 0.640625s CPU (98.7%); Memory(MB): used = 351, reserved = 768, peak = 665;

PHY-1001 : End Stage 2.4.4 | Phase 4; Time: 2.885543s wall, 2.734375s user + 0.125000s system = 2.859375s CPU (99.1%); Memory(MB): used = 351, reserved = 768, peak = 665;

PHY-1001 : Stage 2.4.5 | Phase 5
PHY-1001 : Stage 2.4.5.1 | Setup TimeOptimization
PHY-1001 : Start to optimize setup violation with net base ...
PHY-1001 : Iter 1; Processed 16 pins with SWNS -1.418ns STNS -50.916ns FEP 107 took 0.532466 seconds.
PHY-1001 : len = 867088, over cnt = 7(0%), over = 7, worst = 1, crit = 0
PHY-1001 : End Stage 2.4.5.1 | Setup TimeOptimization; Time: 0.608300s wall, 0.593750s user + 0.000000s system = 0.593750s CPU (97.6%); Memory(MB): used = 352, reserved = 768, peak = 665;

PHY-1001 : Stage 2.4.5.2 | Rip-up And ReRoute
PHY-1001 : Iter 1: len = 866976, over cnt = 0(0%), over = 0, worst = 0, crit = 0, time(s) = 0.02
PHY-1001 : End Stage 2.4.5.2 | Rip-up And ReRoute; Time: 0.026369s wall, 0.140625s user + 0.046875s system = 0.187500s CPU (711.1%); Memory(MB): used = 352, reserved = 768, peak = 665;

PHY-1001 : Stage 2.4.5.3 | Update Timing
RUN-1002 : start command "start_timer"
PHY-1001 : 69/8108(0%) critical/total net(s).
PHY-1001 : Setup: WNS(ns) = -1.418, TNS(ns) = -96.998, FEP = 321 | Hold: WNS(ns) = -1.707, TNS(ns) = -14.900, FEP = 38.
PHY-1001 : End Stage 2.4.5.3 | Update Timing; Time: 1.267073s wall, 1.250000s user + 0.000000s system = 1.250000s CPU (98.7%); Memory(MB): used = 353, reserved = 768, peak = 665;

PHY-1001 : Stage 2.4.5.4 | Commit Data
PHY-1001 : Commit better result to database ...
PHY-1001 : 204 feed throughs used by 168 nets
PHY-1001 : End Stage 2.4.5.4 | Commit Data; Time: 0.636376s wall, 0.640625s user + 0.000000s system = 0.640625s CPU (100.7%); Memory(MB): used = 353, reserved = 768, peak = 665;

PHY-1001 : End Stage 2.4.5 | Phase 5; Time: 2.653289s wall, 2.718750s user + 0.062500s system = 2.781250s CPU (104.8%); Memory(MB): used = 353, reserved = 768, peak = 665;

PHY-1001 : Stage 2.4.6 | Phase 6
PHY-1001 : Stage 2.4.6.1 | Setup TimeOptimization
PHY-1001 : Start to optimize setup violation with net base ...
PHY-1001 : Iter 1; Processed 13 pins with SWNS -1.418ns STNS -50.916ns FEP 107 took 0.475785 seconds.
PHY-1001 : len = 867336, over cnt = 10(0%), over = 10, worst = 1, crit = 0
PHY-1001 : End Stage 2.4.6.1 | Setup TimeOptimization; Time: 0.554868s wall, 0.562500s user + 0.000000s system = 0.562500s CPU (101.4%); Memory(MB): used = 353, reserved = 768, peak = 665;

PHY-1001 : Stage 2.4.6.2 | Rip-up And ReRoute
PHY-0007 : Congestion: {51.06, 42.40, 38.87, 36.78}; Timing: {-1.418ns, -50.916ns, 107}
PHY-1001 : Iter 1: len = 867200, over cnt = 0(0%), over = 0, worst = 0, crit = 0, time(s) = 0.02
PHY-1001 : End Stage 2.4.6.2 | Rip-up And ReRoute; Time: 0.041730s wall, 0.046875s user + 0.000000s system = 0.046875s CPU (112.3%); Memory(MB): used = 354, reserved = 768, peak = 665;

PHY-1001 : Stage 2.4.6.3 | Update Timing
RUN-1002 : start command "start_timer"
PHY-1001 : 48/8108(0%) critical/total net(s).
PHY-1001 : Setup: WNS(ns) = -1.418, TNS(ns) = -82.202, FEP = 265 | Hold: WNS(ns) = -1.707, TNS(ns) = -14.900, FEP = 38.
PHY-1001 : End Stage 2.4.6.3 | Update Timing; Time: 1.302119s wall, 1.296875s user + 0.000000s system = 1.296875s CPU (99.6%); Memory(MB): used = 354, reserved = 769, peak = 665;

PHY-1001 : Stage 2.4.6.4 | Commit Data
PHY-1001 : Commit better result to database ...
PHY-1001 : 202 feed throughs used by 167 nets
PHY-1001 : End Stage 2.4.6.4 | Commit Data; Time: 0.630192s wall, 0.609375s user + 0.000000s system = 0.609375s CPU (96.7%); Memory(MB): used = 354, reserved = 769, peak = 665;

PHY-1001 : End Stage 2.4.6 | Phase 6; Time: 2.633928s wall, 2.593750s user + 0.015625s system = 2.609375s CPU (99.1%); Memory(MB): used = 354, reserved = 769, peak = 665;

PHY-1001 : End Stage 2.4 | Routing Optimization; Time: 23.822947s wall, 25.312500s user + 0.578125s system = 25.890625s CPU (108.7%); Memory(MB): used = 354, reserved = 769, peak = 665;

PHY-1001 : Stage 2.5 | Multi-try route Optimization
PHY-1001 : Stop running multi-try route opt due to bad SWNS -1418ps or STNS -82202ps. Use parameter "set_param route multi_try_route_bad_qor_check off" to skip the check
PHY-1001 : End Stage 2.5 | Multi-try route Optimization; Time: 0.026659s wall, 0.031250s user + 0.000000s system = 0.031250s CPU (117.2%); Memory(MB): used = 355, reserved = 769, peak = 665;

PHY-1003 : Routed, final wirelength = 867200
RUN-1002 : start command "export_db UDP_EXAMPLE_pr.db"
RUN-1001 : Exported flow parameters
RUN-1001 : Exported /
RUN-1001 : Exported libs
RUN-1001 : Exported entities
RUN-1001 : Exported ports
RUN-1001 : Exported pins
RUN-1001 : Exported instances
RUN-1001 : Exported nets
RUN-1001 : Exported buses
RUN-1001 : Exported models
RUN-1001 : Exported phy database
RUN-1001 : Exported packer
RUN-1001 : Exported congestions
RUN-1001 : Exported violations
RUN-1001 : Exported ATMR Setting
RUN-1001 : Exported timing constraints
RUN-1001 : Exported IO constraints
RUN-1001 : Exported Inst constraints
RUN-1001 : Exported ChipWatcher
PHY-1001 : Current memory(MB): used = 429, reserved = 916, peak = 665.
PHY-1001 : End export database. 0.301070s wall, 0.375000s user + 0.015625s system = 0.390625s CPU (129.7%)

PHY-1001 : End detail routing;  43.330755s wall, 55.531250s user + 1.234375s system = 56.765625s CPU (131.0%)

PHY-1001 : End Stage 2 | Detail Routing; Time: 43.332257s wall, 55.531250s user + 1.234375s system = 56.765625s CPU (131.0%); Memory(MB): used = 483, reserved = 916, peak = 665;

PHY-1001 : Stage 3 | Hold Fix
RUN-1002 : start command "start_timer"
RUN-1001 : fix hold violation on net u3_udp_ip_protocol_stack/ip_layer/icmp_echo_data_fifo/u_anlogic_soft_async_fifo/wraddress[0] endpin u3_udp_ip_protocol_stack/ip_layer/icmp_echo_data_fifo/u_anlogic_soft_async_fifo/inst_syn_1.addra[2] slack -15ps
RUN-1001 : 1 hold-buffer to be created.
RUN-1001 : fix hold violation on net u3_udp_ip_protocol_stack/ip_layer/icmp_echo_data_fifo/u_anlogic_soft_async_fifo/wraddress[7] endpin u3_udp_ip_protocol_stack/ip_layer/icmp_echo_data_fifo/u_anlogic_soft_async_fifo/inst_syn_1.addra[9] slack -44ps
RUN-1001 : 1 hold-buffer to be created.
RUN-1001 : fix hold violation on net u6_tx_fifo/rd_addr[7] endpin u6_tx_fifo/ramgen_u/inst_syn_11.addrb[10] slack -10ps
RUN-1001 : 1 hold-buffer to be created.
RUN-1001 : fix hold violation on net u6_tx_fifo/rd_addr[10] endpin u6_tx_fifo/ramgen_u/inst_syn_11.csb[0] slack -20ps
RUN-1001 : 1 hold-buffer to be created.
RUN-1001 : fix hold violation on net u6_tx_fifo/rd_addr[8] endpin u6_tx_fifo/ramgen_u/inst_syn_1.addrb[11] slack -26ps
RUN-1001 : 1 hold-buffer to be created.
RUN-1001 : fix hold violation on net u6_tx_fifo/rd_addr[9] endpin u6_tx_fifo/ramgen_u/inst_syn_1.addrb[12] slack -10ps
RUN-1001 : 1 hold-buffer to be created.
RUN-1001 : fix hold violation on net u6_tx_fifo/rd_addr[4] endpin u6_tx_fifo/ramgen_u/inst_syn_1.addrb[7] slack -176ps
RUN-1001 : 1 hold-buffer to be created.
RUN-1001 : fix hold violation on net u6_tx_fifo/rd_addr[5] endpin u6_tx_fifo/ramgen_u/inst_syn_1.addrb[8] slack -10ps
RUN-1001 : 1 hold-buffer to be created.
RUN-1001 : fix hold violation on net u6_tx_fifo/rd_addr[6] endpin u6_tx_fifo/ramgen_u/inst_syn_1.addrb[9] slack -16ps
RUN-1001 : 1 hold-buffer to be created.
RUN-1001 : fix hold violation on net u6_tx_fifo/wr_data_bram[4] endpin u6_tx_fifo/ramgen_u/inst_syn_1.dia[4] slack -22ps
RUN-1001 : 1 hold-buffer to be created.
RUN-1001 : fix hold violation on net u7_rx_fifo/update_addr_tog endpin u7_rx_fifo/update_addr_tog_reg_reg[1]_syn_4.mi[0] slack -1707ps
RUN-1001 : 3 hold-buffer to be created.
RUN-1001 : fix hold violation on net u7_rx_fifo/rd_addr[6] endpin u7_rx_fifo/wr_rd_addr_reg[11]_syn_9.c[0] slack -1198ps
RUN-1001 : 3 hold-buffer to be created.
RUN-1001 : fix hold violation on net u7_rx_fifo/rd_addr[11] endpin u7_rx_fifo/wr_rd_addr_reg[11]_syn_9.c[1] slack -830ps
RUN-1001 : 2 hold-buffer to be created.
RUN-1001 : fix hold violation on net u7_rx_fifo/rd_addr[8] endpin u7_rx_fifo/wr_rd_addr_reg[7]_syn_9.c[0] slack -931ps
RUN-1001 : 2 hold-buffer to be created.
RUN-1001 : fix hold violation on net u7_rx_fifo/rd_addr[7] endpin u7_rx_fifo/wr_rd_addr_reg[7]_syn_9.c[1] slack -1039ps
RUN-1001 : 3 hold-buffer to be created.
RUN-1001 : fix hold violation on net u7_rx_fifo/rd_addr[10] endpin u7_rx_fifo/wr_rd_addr_reg[9]_syn_9.c[0] slack -1014ps
RUN-1001 : 3 hold-buffer to be created.
RUN-1001 : fix hold violation on net u7_rx_fifo/rd_addr[9] endpin u7_rx_fifo/wr_rd_addr_reg[9]_syn_9.c[1] slack -195ps
RUN-1001 : 1 hold-buffer to be created.
RUN-1001 : fix hold violation on net u_rx_byte_cdc/u_rx_fifo/wr_addr[0] endpin u_rx_byte_cdc/u_rx_fifo/ram_inst/ramread0_syn_12.addra[1] slack -16ps
RUN-1001 : 1 hold-buffer to be created.
RUN-1001 : fix hold violation on net u_rx_byte_cdc/u_rx_fifo/wr_addr[1] endpin u_rx_byte_cdc/u_rx_fifo/ram_inst/ramread0_syn_15.addra[2] slack -12ps
RUN-1001 : 1 hold-buffer to be created.
RUN-1001 : fix hold violation on net u_rx_byte_cdc/u_rx_fifo/wr_addr[5] endpin u_rx_byte_cdc/u_rx_fifo/ram_inst/ramread0_syn_15.addra[6] slack -102ps
RUN-1001 : 1 hold-buffer to be created.
RUN-1001 : fix hold violation on net u_rx_byte_cdc/u_rx_fifo/wr_addr[0] endpin u_rx_byte_cdc/u_rx_fifo/ram_inst/ramread0_syn_6.addra[1] slack -1ps
RUN-1001 : 1 hold-buffer to be created.
RUN-1001 : fix hold violation on net u_rx_byte_cdc/u_rx_fifo/wr_addr[1] endpin u_rx_byte_cdc/u_rx_fifo/ram_inst/ramread0_syn_6.addra[2] slack -10ps
RUN-1001 : 1 hold-buffer to be created.
RUN-1001 : fix hold violation on net u_rx_byte_cdc/u_rx_fifo/rd_to_wr_cross_inst/secondary_asreset_i endpin u_rx_byte_cdc/u_rx_fifo/rd_to_wr_cross_inst/primary_addr_gray_sync_reg[10]_syn_3.sr slack -30ps
RUN-1001 : 1 hold-buffer to be created.
RUN-1001 : fix hold violation on net u_rx_byte_cdc/u_rx_fifo/rd_to_wr_cross_inst/secondary_asreset_i endpin u_rx_byte_cdc/u_rx_fifo/rd_to_wr_cross_inst/secondary_addr_o_reg[11]_syn_4.sr slack -43ps
RUN-1001 : 1 hold-buffer to be created.
RUN-1001 : fix hold violation on net u_rx_byte_cdc/u_rx_fifo/rd_to_wr_cross_inst/secondary_asreset_i endpin u_rx_byte_cdc/u_rx_fifo/wr_to_rd_cross_inst/primary_addr_gray_reg_reg[4]_syn_4.sr slack -43ps
RUN-1001 : 1 hold-buffer to be created.
PHY-1001 : Populate physical database on model board_b_top.
8.000000
20.000000
8.000000
20.000000
20.000000
8.000000

8.000000
20.000000
8.000000
20.000000
20.000000
8.000000
8.000000
20.000000
8.000000
20.000000
20.000000
8.000000

8.000000
20.000000
8.000000
20.000000
20.000000
8.000000
RUN-1002 : start command "start_timer"
RUN-1001 : All hold violations are fixed.
PHY-1001 : End Stage 3 | Hold Fix; Time: 31.738735s wall, 32.125000s user + 0.609375s system = 32.734375s CPU (103.1%); Memory(MB): used = 623, reserved = 916, peak = 665;

PHY-1001 : Stage 4 | Report Route Qor
RUN-1002 : start command "report_qor -step route -file route.qor"
RUN-1002 : start command "start_timer"
-----------------------------------------------------------
| QoR metrics               |         value               |
-----------------------------------------------------------
| Timing                    |                             |
|     Setup WNS             |        -1418                |
|     Setup TNS             |       -82202                |
|     Num of violated S-EP  |          265                |
|     Hold WNS              |            1                |
|     Hold TNS              |            0                |
|     Num of violated H-EP  |            0                |
-----------------------------------------------------------
| Routing Resource          |                             |
|     Wire length           |       868736                |
-----------------------------------------------------------
| Utilization               |                             |
|     #slices               |         3825                |
|     slices percentage     |       39.03%                |
|     #RAMs                 |           50                |
|     #DSPs                 |            0                |
|     #DRAMHARDCON          |            0                |
-----------------------------------------------------------
Report route stage QoR done.

RUN-1003 : finish command "report_qor -step route -file route.qor" in  1.234790s wall, 1.203125s user + 0.000000s system = 1.203125s CPU (97.4%)

RUN-1004 : used memory is 624 MB, reserved memory is 916 MB, peak memory is 665 MB
RUN-1002 : start command "update_timing -mode final"
RUN-1002 : start command "start_timer"
RUN-1003 : finish command "update_timing -mode final" in  1.202430s wall, 1.187500s user + 0.000000s system = 1.187500s CPU (98.8%)

RUN-1004 : used memory is 624 MB, reserved memory is 916 MB, peak memory is 665 MB
RUN-1002 : start command "report_timing_summary -file final_timing.rpt"
OPT-1001 : QoR tracer report on route step:
    SWNS [   incr ]     STNS [    incr ]  S-FEPS [   incr ]    HWNS [   incr ]      HTNS [     incr ]    H-FEPS [     incr ]    CELL [   incr ]      WL [   incr ]   RT(s) [   incr ]   MEM(mb) [     incr ]
   -1929 [      0 ]  -494089 [       0 ]     884 [      0 ]   -1707 [      0 ]    -14728 [        0 ]        34 [        0 ]    3925 [      0 ]  852280 [      0 ]      20 [      0 ]       624 [        0 ] : dr_initialization
   -1418 [    511 ]   -50812 [  443277 ]     107 [   -777 ]   -1707 [      0 ]    -14728 [        0 ]        34 [        0 ]    3925 [      0 ]  859704 [   7424 ]      26 [      6 ]       626 [        2 ] : dr_timing_opt_phase1
   -1527 [   -109 ]  -158461 [ -107649 ]     464 [    357 ]   -1707 [      0 ]    -14900 [     -172 ]        38 [        4 ]    3925 [      0 ]  863904 [   4200 ]      30 [      4 ]       660 [       34 ] : dr_opt_phase1
   -1418 [    109 ]   -50784 [  107677 ]     107 [   -357 ]   -1707 [      0 ]    -14900 [        0 ]        38 [        0 ]    3925 [      0 ]  866688 [   2784 ]      32 [      2 ]       661 [        1 ] : dr_timing_opt_phase2
   -1527 [   -109 ]  -194470 [ -143686 ]     417 [    310 ]   -1707 [      0 ]    -14900 [        0 ]        38 [        0 ]    3925 [      0 ]  865872 [   -816 ]      33 [      1 ]       663 [        2 ] : dr_opt_phase2
   -1418 [    109 ]   -50784 [  143686 ]     107 [   -310 ]   -1707 [      0 ]    -14900 [        0 ]        38 [        0 ]    3925 [      0 ]  866888 [   1016 ]      35 [      2 ]       664 [        1 ] : dr_timing_opt_phase3
   -1418 [      0 ]  -186206 [ -135422 ]     301 [    194 ]   -1707 [      0 ]    -14900 [        0 ]        38 [        0 ]    3925 [      0 ]  866392 [   -496 ]      36 [      1 ]       665 [        1 ] : dr_opt_phase3
   -1418 [      0 ]   -50916 [  135290 ]     107 [   -194 ]   -1707 [      0 ]    -14900 [        0 ]        38 [        0 ]    3925 [      0 ]  866768 [    376 ]      37 [      1 ]       665 [        0 ] : dr_timing_opt_phase4
   -1418 [      0 ]  -113418 [  -62502 ]     355 [    248 ]   -1707 [      0 ]    -14900 [        0 ]        38 [        0 ]    3925 [      0 ]  866848 [     80 ]      39 [      2 ]       665 [        0 ] : dr_opt_phase4
   -1418 [      0 ]   -50916 [   62502 ]     107 [   -248 ]   -1707 [      0 ]    -14900 [        0 ]        38 [        0 ]    3925 [      0 ]  867088 [    240 ]      40 [      1 ]       665 [        0 ] : dr_timing_opt_phase5
   -1418 [      0 ]   -96998 [  -46082 ]     321 [    214 ]   -1707 [      0 ]    -14900 [        0 ]        38 [        0 ]    3925 [      0 ]  866976 [   -112 ]      42 [      2 ]       665 [        0 ] : dr_opt_phase5
   -1418 [      0 ]   -50916 [   46082 ]     107 [   -214 ]   -1707 [      0 ]    -14900 [        0 ]        38 [        0 ]    3925 [      0 ]  867336 [    360 ]      42 [      0 ]       665 [        0 ] : dr_timing_opt_phase6
   -1418 [      0 ]   -82202 [  -31286 ]     265 [    158 ]   -1707 [      0 ]    -14900 [        0 ]        38 [        0 ]    3925 [      0 ]  867200 [   -136 ]      44 [      2 ]       665 [        0 ] : dr_opt_phase6
   -1418 [      0 ]   -82202 [       0 ]     265 [      0 ]   -1707 [      0 ]    -14900 [        0 ]        38 [        0 ]    3925 [      0 ]  867200 [      0 ]      44 [      0 ]       665 [        0 ] : multi_try_opt
   -1418 [      0 ]   -82202 [       0 ]     265 [      0 ]    -611 [   1096 ]     -1258 [    13642 ]         6 [      -32 ]    3960 [     35 ]  868368 [   1168 ]       4 [    -40 ]       665 [        0 ] : (ECO)dr_initialization
   -1418 [      0 ]   -82202 [       0 ]     265 [      0 ]    -611 [      0 ]     -1258 [        0 ]         6 [        0 ]    3960 [      0 ]  868368 [      0 ]       5 [      1 ]       665 [        0 ] : (ECO)dr_timing_opt_phase1
   -1418 [      0 ]   -82202 [       0 ]     265 [      0 ]    -619 [     -8 ]     -1268 [      -10 ]         4 [       -2 ]    3960 [      0 ]  868656 [    288 ]       8 [      3 ]       665 [        0 ] : (ECO)dr_opt_phase1
   -1418 [      0 ]   -82202 [       0 ]     265 [      0 ]    -619 [      0 ]     -1268 [        0 ]         4 [        0 ]    3960 [      0 ]  868656 [      0 ]       8 [      0 ]       665 [        0 ] : (ECO)multi_try_opt
   -1418 [      0 ]   -82202 [       0 ]     265 [      0 ]       1 [    620 ]         0 [     1268 ]         0 [       -4 ]    3963 [      3 ]  868728 [     72 ]       4 [     -4 ]       665 [        0 ] : (ECO)dr_initialization
   -1418 [      0 ]   -82202 [       0 ]     265 [      0 ]       1 [      0 ]         0 [        0 ]         0 [        0 ]    3963 [      0 ]  868728 [      0 ]       5 [      1 ]       665 [        0 ] : (ECO)dr_timing_opt_phase1
   -1418 [      0 ]   -82202 [       0 ]     265 [      0 ]       1 [      0 ]         0 [        0 ]         0 [        0 ]    3963 [      0 ]  868736 [      8 ]       7 [      2 ]       665 [        0 ] : (ECO)dr_opt_phase1
   -1418 [      0 ]   -82202 [       0 ]     265 [      0 ]       1 [      0 ]         0 [        0 ]         0 [        0 ]    3963 [      0 ]  868736 [      0 ]       7 [      0 ]       665 [        0 ] : (ECO)multi_try_opt
   -1418 [      0 ]   -82202 [       0 ]     265 [      0 ]       1 [      0 ]         0 [        0 ]         0 [        0 ]    3963 [      0 ]  868736 [      0 ]       9 [      2 ]       665 [        0 ] : (ECO)fix_hold_opt
   -1418 [      0 ]   -82202 [       0 ]     265 [      0 ]       1 [      0 ]         0 [        0 ]         0 [        0 ]    3963 [      0 ]  868736 [      0 ]      24 [     15 ]       665 [        0 ] : (ECO)fix_hold_opt
   -1418 [      0 ]   -82202 [       0 ]     265 [      0 ]       1 [      0 ]         0 [        0 ]         0 [        0 ]    3963 [      0 ]  868736 [      0 ]      77 [     53 ]       665 [        0 ] : (ECO)fix_hold_opt

PHY-1001 : End Stage 4 | Report Route Qor; Time: 2.510820s wall, 2.453125s user + 0.000000s system = 2.453125s CPU (97.7%); Memory(MB): used = 629, reserved = 916, peak = 665;

PHY-1001 : Stage 5 | Design Rule Check
PHY-1001 : Start multi-drive drc check......
PHY-1001 : No multi-drive.
PHY-1001 : Stage 5.1 | Clock Net Status Check
PHY-1001 : All clock nets do not utilize local routing resource.
PHY-1001 : End Stage 5.1 | Clock Net Status Check; Time: 0.004820s wall, 0.000000s user + 0.000000s system = 0.000000s CPU (n/a%); Memory(MB): used = 629, reserved = 916, peak = 665;

PHY-1001 : Stage 5.2 | Abnormal Timing Path check
PHY-1001 : No abnormal timing path.
PHY-1001 : End Stage 5.2 | Abnormal Timing Path check; Time: 0.140500s wall, 0.140625s user + 0.000000s system = 0.140625s CPU (100.1%); Memory(MB): used = 629, reserved = 916, peak = 665;

PHY-1001 : End Stage 5 | Design Rule Check; Time: 0.187918s wall, 0.171875s user + 0.000000s system = 0.171875s CPU (91.5%); Memory(MB): used = 629, reserved = 916, peak = 665;

RUN-1003 : finish command "route" in  79.710288s wall, 92.234375s user + 1.921875s system = 94.156250s CPU (118.1%)

RUN-1004 : used memory is 630 MB, reserved memory is 916 MB, peak memory is 665 MB
RUN-1002 : start command "report_area -io_info -file UDP_EXAMPLE_phy.area"
RUN-1001 : standard
***Report Model: board_b_top Device: EG4S20BG256***

IO Statistics
#IO                        20   out of    188   10.64%
  #input                    8
  #output                  12
  #inout                    0

Utilization Statistics
#lut                     6030   out of  19600   30.77%
#reg                     4980   out of  19600   25.41%
#le                      6928
  #lut only              1948   out of   6928   28.12%
  #reg only               898   out of   6928   12.96%
  #lut&reg               4082   out of   6928   58.92%
#bram                      50   out of     64   78.12%
  #bram9k                  50
  #fifo9k                   0
#bram32k                    0   out of     16    0.00%
#dsp                        0   out of     29    0.00%
#pad                       20   out of    188   10.64%
  #ireg                     6
  #oreg                    12
  #treg                     0
#pll                        4   out of      4  100.00%
#gclk                       5   out of     16   31.25%


DataNet Average Fanout:

   Index     Fanout     Nets  
    #1          1       5401  
    #2          2       1127  
    #3          3       561   
    #4          4       472   
    #5        5-10      671   
    #6        11-50     388   
    #7       51-100      37   
    #8       101-500     2    
  Average     3.04            

RUN-1002 : start command "update_timing -mode final"
RUN-1002 : start command "start_timer"
RUN-1003 : finish command "update_timing -mode final" in  1.204594s wall, 1.187500s user + 0.000000s system = 1.187500s CPU (98.6%)

RUN-1004 : used memory is 631 MB, reserved memory is 916 MB, peak memory is 665 MB
RUN-1002 : start command "report_timing_status -file UDP_EXAMPLE_phy.ts"
RUN-1002 : start command "report_timing_summary -file UDP_EXAMPLE_pr.timing"
RUN-1002 : start command "report_timing_exception -file UDP_EXAMPLE_exception.timing"
RUN-1002 : start command "check_timing -verbose -file UDP_EXAMPLE_chk.timing"
RUN-1002 : start command "flow_status -file route_flow.status"
Location         : D:\Nizhenghang\Project\2026Anlu1\boardB_eth_frontend\prj\UDP_EXAMPLE\UDP_EXAMPLE_Runs\phy_1
Running with     : Tang Dynasty v6.2.178840
                   Copyright (c) 2012-2025 Anlogic Inc.
Top Model        : board_b_top
Device           : EG4S20BG256
Speed            : NA

Timing Mode      : final
Setup            : WNS -1418ps  TNS   -82202ps  NUM_FEPS   265
Hold             : WNS     1ps  TNS        0ps  NUM_FEPS     0

Flow Statistics  :
RUN-1001 : Flow Statistics:
RUN-1001 : ---------------------------------------------------------------------------------------------------
RUN-1001 :      command     |  #calls  |  wall time   |  cpu time(s)  |  used memory(mb)  |  peak memory(mb)  
RUN-1001 : ---------------------------------------------------------------------------------------------------
RUN-1001 :       route      |    3     |  1m55s(64%)  |   129(59%)    |        630        |        665        
RUN-1001 :       place      |    3     |  1m3s(35%)   |    87(40%)    |        620        |        665        
RUN-1001 :     import_db    |    1     |    0s(0%)    |     0(0%)     |        173        |        173        
RUN-1001 :   import_device  |    1     |    0s(0%)    |     0(0%)     |        83         |        83         
RUN-1001 : ---------------------------------------------------------------------------------------------------
RUN-1001 :       total      |    8     |    2m58s     |      216      |        630        |        665        
RUN-1001 : ---------------------------------------------------------------------------------------------------
RUN-1002 : start command "report_clock_utilization -file route_clock_utilization.txt"
RUN-1001 : Device not support command report_clock_utilization.
RUN-1002 : start command "export_db UDP_EXAMPLE_pr.db"
RUN-1001 : Exported flow parameters
RUN-1001 : Exported /
RUN-1001 : Exported libs
RUN-1001 : Exported entities
RUN-1001 : Exported ports
RUN-1001 : Exported pins
RUN-1001 : Exported instances
RUN-1001 : Exported nets
RUN-1001 : Exported buses
RUN-1001 : Exported models
RUN-1001 : Exported phy database
RUN-1001 : Exported packer
RUN-1001 : Exported congestions
RUN-1001 : Exported violations
RUN-1001 : Exported ATMR Setting
RUN-1001 : Exported timing constraints
RUN-1001 : Exported IO constraints
RUN-1001 : Exported Inst constraints
RUN-1001 : Exported ChipWatcher
RUN-1002 : start command "commit_param -step bitgen"
RUN-1001 : Print Global Property
RUN-1001 : --------------------------------------------------------
RUN-1001 :   Parameters   |  Settings  |  Default Values  |  Note  
RUN-1001 : --------------------------------------------------------
RUN-1001 :   enable_seed  |    off     |       off        |        
RUN-1001 :     message    |  standard  |     standard     |        
RUN-1001 :   qor_monitor  |     on     |        on        |        
RUN-1001 :   syn_ip_flow  |    off     |       off        |        
RUN-1001 :     thread     |    auto    |       auto       |        
RUN-1001 : --------------------------------------------------------
RUN-1001 : Print Bitgen Property
RUN-1001 : -------------------------------------------------------------
RUN-1001 :      Parameters     |  Settings  |  Default Values  |  Note  
RUN-1001 : -------------------------------------------------------------
RUN-1001 :         bin         |    off     |       off        |        
RUN-1001 :       gen_mask      |    off     |       off        |        
RUN-1001 :      time_info      |     on     |        on        |        
RUN-1001 :   unused_io_status  |   pullup   |      pullup      |        
RUN-1001 :       version       |    0x00    |       0x00       |        
RUN-1001 : -------------------------------------------------------------
RUN-1002 : start command "bitgen -bit UDP_EXAMPLE.bit"
RUN-1002 : start command "export_bid UDP_EXAMPLE_inst.bid"
BIT-1003 : Start to generate bitstream. 
BIT-1002 : Init instances with 32 threads.
BIT-1002 : Init instances completely, inst num: 3961
BIT-1002 : Init pips with 32 threads.
BIT-1002 : Init pips completely, net num: 8142, pip num: 83152
BIT-1002 : Init feedthrough with 32 threads.
BIT-1002 : Init feedthrough completely, num: 203
BIT-1003 : Multithreading accelaration with 32 threads.
BIT-1003 : Generate bitstream completely, there are 230132 bits set as '1'.
BIT-1004 : PLL setting string = 1111
BIT-1004 : Generate bits file UDP_EXAMPLE.bit.
RUN-1003 : finish command "bitgen -bit UDP_EXAMPLE.bit" in  2.491462s wall, 52.828125s user + 1.984375s system = 54.812500s CPU (2200.0%)

RUN-1004 : used memory is 648 MB, reserved memory is 924 MB, peak memory is 665 MB
RUN-1002 : start command "setup_debugger"
RUN-1002 : start command "export_bitgen_param -file .bitgen_param.f"
RUN-1002 : start command "export_flow_status -s opt_place -e bitgen"
RUN-1002 : start command "flow_status"

Location         : D:\Nizhenghang\Project\2026Anlu1\boardB_eth_frontend\prj\UDP_EXAMPLE\UDP_EXAMPLE_Runs\phy_1
Running with     : Tang Dynasty v6.2.178840
                   Copyright (c) 2012-2025 Anlogic Inc.
Top Model        : board_b_top
Device           : EG4S20BG256
Speed            : NA

Timing Mode      : final
Setup            : WNS -1418ps  TNS   -82202ps  NUM_FEPS   265
Hold             : WNS     1ps  TNS        0ps  NUM_FEPS     0

RUN-1001 : Flow Statistics:
RUN-1001 : ---------------------------------------------------------------------------------------------------
RUN-1001 :      command     |  #calls  |  wall time   |  cpu time(s)  |  used memory(mb)  |  peak memory(mb)  
RUN-1001 : ---------------------------------------------------------------------------------------------------
RUN-1001 :       route      |    3     |  1m55s(63%)  |   129(47%)    |        630        |        665        
RUN-1001 :       place      |    3     |  1m3s(35%)   |    87(32%)    |        620        |        665        
RUN-1001 :      bitgen      |    1     |    2s(1%)    |    53(19%)    |        648        |        665        
RUN-1001 :     import_db    |    1     |    0s(0%)    |     0(0%)     |        173        |        173        
RUN-1001 :   import_device  |    1     |    0s(0%)    |     0(0%)     |        83         |        83         
RUN-1001 : ---------------------------------------------------------------------------------------------------
RUN-1001 :       total      |    9     |     3m0s     |      269      |        648        |        665        
RUN-1001 : ---------------------------------------------------------------------------------------------------
